current_time,weather,temp,humidity
2025-07-15 04:30:51,Clouds,26.02,75
2025-07-15 05:04:09,Clouds,23.97,73
2025-07-15 05:44:32,Clouds,25.41,67
2025-07-15 05:58:36,Clouds,25.41,67
2025-07-15 06:58:39,Clouds,24.74,72
2025-07-15 07:43:47,Clouds,24.79,67
2025-07-15 07:56:18,Clouds,24.79,67
2025-07-15 09:04:27,Clouds,26.76,74
2025-07-15 09:52:50,Clouds,26.76,69
2025-07-15 10:50:03,Clear,24.76,78
2025-07-15 11:32:13,Clouds,23.76,88
2025-07-15 11:49:14,Clouds,23.76,88
2025-07-15 13:52:06,Clouds,23.76,94
2025-07-15 14:46:03,Clouds,23.76,94
2025-07-15 14:59:41,Clouds,23.76,94
2025-07-15 15:45:09,Clouds,23.76,100
2025-07-15 15:59:33,Clouds,23.76,100
2025-07-15 16:55:27,Clouds,22.76,100
2025-07-15 17:43:05,Clouds,23.76,100
2025-07-15 17:56:01,Clouds,23.76,100
2025-07-15 18:57:46,Clouds,23.76,100
2025-07-15 19:35:10,Rain,23.76,100
2025-07-15 19:49:58,Clouds,23.76,100
2025-07-15 20:42:16,Rain,23.76,100
2025-07-15 20:58:11,Clouds,23.76,100
2025-07-15 21:38:13,Mist,22.76,100
2025-07-15 21:50:52,Mist,22.76,100
2025-07-15 22:44:24,Mist,23.76,100
2025-07-15 22:57:02,Mist,23.76,100
2025-07-15 23:37:26,Clouds,22.76,100
2025-07-16 13:51:49,Rain,22.76,100
2025-07-16 14:46:52,Rain,22.76,100
2025-07-16 14:59:37,Thunderstorm,22.76,100
2025-07-16 15:47:19,Rain,22.76,100
2025-07-16 16:00:16,Rain,22.76,100
2025-07-16 16:57:18,Rain,22.76,100
2025-07-16 17:48:46,Rain,22.76,100
2025-07-16 18:56:34,Rain,22.76,100
2025-07-16 19:31:18,Thunderstorm,22.76,100
2025-07-16 19:45:56,Mist,22.76,100
2025-07-16 19:58:18,Thunderstorm,22.76,100
2025-07-16 20:46:39,Thunderstorm,22.76,100
2025-07-16 20:59:05,Thunderstorm,22.76,100
2025-07-16 21:39:25,Thunderstorm,22.76,100
2025-07-16 21:55:02,Thunderstorm,22.76,100
2025-07-16 22:48:47,Rain,22.76,100
2025-07-16 23:35:37,Thunderstorm,21.76,100
2025-07-16 23:53:18,Rain,22.76,100
2025-07-17 03:49:05,Rain,24.76,94
2025-07-17 05:01:43,Thunderstorm,24.76,100
2025-07-17 05:52:12,Thunderstorm,25.76,94
2025-07-17 06:58:17,Mist,24.76,100
2025-07-17 07:41:47,Clouds,24.76,100
2025-07-17 07:54:37,Clouds,24.76,100
2025-07-17 08:56:21,Clouds,23.76,100
2025-07-17 09:48:21,Clouds,23.76,100
2025-07-17 10:50:19,Rain,23.76,100
2025-07-17 11:33:18,Rain,23.76,100
2025-07-17 11:50:25,Clouds,23.76,100
2025-07-17 13:51:31,Rain,22.76,100
2025-07-17 14:46:45,Clouds,22.76,100
2025-07-17 14:59:29,Rain,22.76,100
2025-07-17 15:47:54,Clouds,22.76,100
2025-07-17 16:53:44,Clouds,22.76,100
2025-07-17 17:44:01,Clouds,22.76,100
2025-07-17 17:56:26,Clouds,22.76,100
2025-07-17 18:58:17,Clouds,22.76,100
2025-07-17 19:31:57,Clouds,22.76,100
2025-07-17 19:47:34,Clouds,22.76,100
2025-07-17 19:59:56,Clouds,22.76,100
2025-07-17 20:46:27,Mist,22.76,100
2025-07-17 20:58:50,Mist,22.76,100
2025-07-17 21:38:55,Clouds,22.76,100
2025-07-17 21:52:17,Clouds,22.76,100
2025-07-17 22:45:19,Clouds,22.76,100
2025-07-17 22:58:03,Mist,22.76,100
2025-07-17 23:39:18,Rain,22.76,100
2025-07-17 23:53:03,Rain,22.76,100
2025-07-18 03:52:12,Clouds,24.76,94
2025-07-18 05:04:10,Clouds,24.76,100
2025-07-18 05:53:14,Clouds,26.76,89
2025-07-18 07:00:16,Clouds,26.76,94
2025-07-18 07:45:39,Clouds,26.76,94
2025-07-18 07:58:00,Clouds,26.76,94
2025-07-18 08:57:14,Clouds,27.76,89
2025-07-18 09:50:04,Clouds,28.76,79
2025-07-18 10:50:54,Clouds,24.76,100
2025-07-18 11:31:37,Clouds,24.76,100
2025-07-18 11:52:13,Clouds,24.76,100
2025-07-18 13:51:05,Clouds,23.76,100
2025-07-18 14:48:30,Clouds,23.76,100
2025-07-18 15:40:52,Clouds,24.76,100
2025-07-18 16:55:45,Thunderstorm,23.76,100
2025-07-18 17:46:14,Thunderstorm,23.76,100
2025-07-18 17:59:34,Rain,23.76,100
2025-07-18 18:56:40,Thunderstorm,20.76,100
2025-07-18 19:30:58,Rain,20.76,100
2025-07-18 19:59:08,Rain,20.76,100
2025-07-18 20:44:35,Rain,21.76,100
2025-07-18 21:38:19,Clouds,21.76,100
2025-07-18 22:43:12,Clouds,21.76,100
2025-07-18 22:57:31,Rain,21.76,100
2025-07-18 23:37:48,Rain,21.76,100
2025-07-18 23:52:26,Mist,21.76,100
2025-07-19 03:44:18,Clouds,23.76,100
2025-07-19 04:54:52,Mist,24.76,100
2025-07-19 05:46:47,Clouds,25.76,100
2025-07-19 05:58:49,Clouds,25.76,100
2025-07-19 06:56:06,Rain,25.76,100
2025-07-19 07:33:17,Clouds,26.76,100
2025-07-19 07:47:00,Clouds,26.76,100
2025-07-19 07:59:19,Clouds,26.76,100
2025-07-19 08:52:18,Clouds,25.76,100
2025-07-19 09:37:51,Clouds,25.76,100
2025-07-19 09:50:58,Clouds,25.76,100
2025-07-19 10:45:28,Clouds,24.76,100
2025-07-19 10:58:03,Clouds,24.76,100
2025-07-19 11:30:39,Rain,24.76,100
2025-07-19 11:45:17,Clouds,24.76,100
2025-07-19 11:57:46,Clouds,24.76,100
2025-07-19 13:38:52,Clouds,24.76,100
2025-07-19 13:56:43,Clouds,24.76,100
2025-07-19 14:40:58,Rain,24.76,100
2025-07-19 14:53:53,Rain,24.76,100
2025-07-19 15:38:05,Rain,24.76,100
2025-07-19 15:56:33,Rain,24.76,100
2025-07-19 16:51:47,Rain,24.76,100
2025-07-19 17:40:48,Rain,25.76,100
2025-07-19 17:53:17,Rain,25.76,100
2025-07-19 18:53:27,Rain,25.76,100
2025-07-19 19:26:49,Rain,24.76,100
2025-07-19 19:42:52,Rain,24.76,100
2025-07-19 20:40:41,Rain,25.76,100
2025-07-19 20:56:44,Mist,25.76,100
2025-07-19 21:35:45,Clouds,24.76,100
2025-07-19 21:50:14,Clouds,24.76,100
2025-07-19 22:41:25,Clouds,24.76,100
2025-07-19 22:54:42,Clouds,24.76,100
2025-07-19 23:42:00,Clouds,25.76,100
2025-07-19 23:56:37,Clouds,25.76,100
2025-07-20 04:05:00,Clouds,29.76,79
2025-07-20 05:40:46,Clouds,30.76,66
2025-07-20 05:56:50,Clouds,30.76,66
2025-07-20 06:54:57,Clouds,30.76,70
2025-07-20 07:33:00,Clouds,31.76,66
2025-07-20 07:46:56,Clouds,31.76,66
2025-07-20 07:59:37,Clouds,31.76,66
2025-07-20 08:52:21,Clouds,29.76,74
2025-07-20 09:38:01,Clouds,30.76,66
2025-07-20 09:51:27,Clouds,30.76,66
2025-07-20 10:46:56,Clouds,29.76,74
2025-07-20 10:59:21,Clouds,29.76,74
2025-07-20 11:31:11,Clouds,27.76,89
2025-07-20 11:45:14,Clouds,27.76,89
2025-07-20 11:57:54,Clouds,27.76,89
2025-07-20 13:42:51,Clouds,26.76,100
2025-07-20 13:57:07,Clouds,26.76,100
2025-07-20 14:41:30,Clouds,25.76,100
2025-07-20 14:54:32,Clouds,25.76,100
2025-07-20 15:38:11,Clouds,25.76,100
2025-07-20 15:54:31,Clouds,25.76,100
2025-07-20 16:50:08,Clouds,24.76,100
2025-07-20 17:55:02,Clouds,24.76,100
2025-07-20 18:53:27,Clear,23.76,100
2025-07-20 19:27:23,Clear,23.76,100
2025-07-20 19:42:52,Clear,23.76,100
2025-07-20 19:55:17,Clear,23.76,100
2025-07-20 20:41:23,Clouds,24.76,100
2025-07-20 20:55:24,Clouds,24.76,100
2025-07-20 21:35:22,Clouds,24.76,100
2025-07-20 22:42:14,Clouds,25.76,100
2025-07-20 22:55:12,Clouds,25.76,100
2025-07-20 23:52:51,Clouds,26.76,100
2025-07-21 03:59:05,Clouds,29.76,79
2025-07-21 05:44:06,Clouds,31.76,70
2025-07-21 05:59:53,Clouds,31.76,70
2025-07-21 07:00:04,Clouds,31.76,70
2025-07-21 07:51:03,Clouds,30.76,70
2025-07-21 09:00:25,Clouds,30.76,79
2025-07-21 09:52:16,Clouds,29.76,84
2025-07-21 10:52:24,Clouds,28.76,94
2025-07-21 11:33:17,Clouds,27.76,100
2025-07-21 11:53:22,Clouds,27.76,100
2025-07-21 13:52:19,Clouds,26.76,100
2025-07-21 14:52:22,Clouds,26.76,100
2025-07-21 15:46:25,Clouds,26.76,100
2025-07-21 15:59:27,Clouds,26.76,100
2025-07-21 16:57:03,Clouds,26.76,100
2025-07-21 17:48:56,Clouds,26.76,100
2025-07-21 18:57:15,Clouds,26.76,100
2025-07-21 19:32:40,Clouds,24.73,94
2025-07-21 19:47:13,Clouds,24.91,91
2025-07-21 19:59:36,Clouds,25,90
2025-07-21 20:47:40,Clouds,24.74,87
2025-07-21 21:00:12,Clouds,25.76,100
2025-07-21 21:40:14,Clouds,26.76,100
2025-07-21 21:53:07,Clouds,26.76,100
2025-07-21 22:45:43,Clouds,26.76,100
2025-07-21 22:58:33,Clouds,26.76,100
2025-07-21 23:39:13,Clouds,28.76,94
2025-07-21 23:53:11,Clouds,28.76,94
2025-07-22 03:52:21,Clouds,30.76,66
2025-07-22 05:02:31,Clouds,31.76,62
2025-07-22 05:52:35,Clouds,31.76,62
2025-07-22 06:58:26,Clouds,30.76,79
2025-07-22 07:44:00,Clouds,30.76,79
2025-07-22 07:56:20,Clouds,30.76,79
2025-07-22 08:57:52,Clouds,30.76,74
2025-07-22 09:50:17,Clouds,29.76,74
2025-07-22 10:51:47,Clouds,28.76,89
2025-07-22 11:32:39,Clouds,26.76,100
2025-07-22 11:50:43,Clouds,26.76,100
2025-07-22 13:51:27,Clear,25.76,100
2025-07-22 14:48:49,Clear,25.76,100
2025-07-22 15:44:20,Clear,25.76,100
2025-07-22 15:59:48,Clear,25.76,100
2025-07-22 16:57:27,Clouds,26.67,80
2025-07-22 17:48:21,Clear,24.76,100
2025-07-22 18:57:32,Clouds,24.76,100
2025-07-22 19:32:03,Clouds,24.76,100
2025-07-22 19:44:57,Clouds,24.76,100
2025-07-22 19:57:25,Clouds,24.76,100
2025-07-22 20:46:56,Clouds,23.76,100
2025-07-22 20:59:33,Clouds,23.76,100
2025-07-22 21:39:51,Clouds,23.76,100
2025-07-22 21:52:38,Clouds,23.76,100
2025-07-22 22:42:57,Clear,25.76,100
2025-07-22 22:56:50,Clear,25.76,100
2025-07-22 23:39:25,Clouds,27.76,83
2025-07-22 23:53:34,Clouds,27.76,83
2025-07-23 03:54:04,Clouds,31.76,62
2025-07-23 05:17:30,Clouds,33.01,56
2025-07-23 05:56:02,Clouds,33.76,55
2025-07-23 06:59:38,Clear,32.76,58
2025-07-23 07:46:15,Clouds,32.76,58
2025-07-23 07:58:44,Clouds,32.76,58
2025-07-23 08:58:54,Clouds,31.76,58
2025-07-23 09:51:40,Clear,30.76,62
2025-07-23 10:51:30,Clear,29.76,70
2025-07-23 11:33:26,Clear,27.76,83
2025-07-23 11:50:33,Clear,27.76,83
2025-07-23 13:49:52,Clear,25.76,94
2025-07-23 14:51:36,Clear,25.76,100
2025-07-23 15:48:09,Clear,25.76,100
2025-07-23 16:57:02,Clear,24.76,100
2025-07-23 17:48:51,Clear,24.76,100
2025-07-23 18:57:09,Clear,24.76,100
2025-07-23 19:32:37,Clear,24.76,100
2025-07-23 19:48:42,Clear,24.76,100
2025-07-23 20:43:27,Clear,23.76,100
2025-07-23 20:58:50,Clear,23.76,100
2025-07-23 21:40:15,Clear,24.76,100
2025-07-23 21:53:15,Clear,24.76,100
2025-07-23 22:45:37,Clear,24.76,100
2025-07-23 22:58:15,Clear,24.76,100
2025-07-23 23:39:45,Clear,28.76,84
2025-07-23 23:54:24,Clear,28.76,84
2025-07-24 03:53:10,Clear,32.76,58
2025-07-24 05:03:01,Clear,33.76,59
2025-07-24 05:52:41,Clear,33.76,55
2025-07-24 06:59:07,Clear,32.76,62
2025-07-24 07:44:53,Clear,32.76,62
2025-07-24 07:57:31,Clear,32.76,62
2025-07-24 08:58:05,Clear,32.76,62
2025-07-24 09:49:23,Clear,31.76,66
2025-07-24 10:50:53,Clear,29.76,74
2025-07-24 11:32:43,Clear,27.76,89
2025-07-24 11:48:56,Clear,27.76,89
2025-07-24 13:51:42,Clear,26.76,94
2025-07-24 14:51:22,Clear,25.76,100
2025-07-24 15:40:12,Clear,25.76,100
2025-07-24 15:58:07,Clear,25.76,100
2025-07-24 16:55:09,Clear,24.76,100
2025-07-24 17:46:26,Clear,24.76,100
2025-07-24 17:58:52,Clear,24.76,100
2025-07-24 18:58:14,Clear,24.76,100
2025-07-24 19:32:32,Clear,23.76,100
2025-07-24 19:48:03,Clear,23.76,100
2025-07-24 20:40:30,Clear,23.76,100
2025-07-24 20:57:16,Clear,23.76,100
2025-07-24 21:38:14,Clear,23.76,100
2025-07-24 21:50:57,Clear,23.76,100
2025-07-24 22:45:36,Clear,25.76,100
2025-07-24 22:58:25,Clear,25.76,100
2025-07-24 23:39:34,Clear,28.76,84
2025-07-24 23:52:59,Clear,28.76,84
2025-07-25 03:52:31,Clouds,33.76,55
2025-07-25 05:05:45,Clouds,34.76,52
2025-07-25 05:55:31,Clouds,34.76,52
2025-07-25 06:59:58,Clouds,34.76,49
2025-07-25 07:43:47,Clouds,34.76,52
2025-07-25 07:56:24,Clouds,34.76,52
2025-07-25 08:56:19,Clouds,33.76,55
2025-07-25 09:49:56,Clear,32.76,58
2025-07-25 10:51:16,Clear,31.76,66
2025-07-25 11:32:44,Clear,29.76,79
2025-07-25 11:49:05,Clear,29.76,79
2025-07-25 13:48:44,Clear,28.76,94
2025-07-25 14:45:27,Clear,27.76,100
2025-07-25 14:58:17,Clear,27.76,100
2025-07-25 15:45:52,Clear,26.76,100
2025-07-25 15:59:18,Clear,26.76,100
2025-07-25 16:55:27,Clear,26.76,100
2025-07-25 17:46:54,Clear,26.76,100
2025-07-25 17:59:34,Clear,26.76,100
2025-07-25 18:57:41,Clear,26.76,100
2025-07-25 19:31:31,Clear,25.76,100
2025-07-25 19:47:30,Clear,25.76,100
2025-07-25 20:00:04,Clear,25.76,100
2025-07-25 20:46:49,Clear,25.76,94
2025-07-25 20:59:03,Clear,25.76,94
2025-07-25 21:38:31,Clear,25.76,100
2025-07-25 21:52:23,Clear,25.76,100
2025-07-25 22:47:41,Clear,28.76,89
2025-07-25 23:00:05,Clear,28.76,89
2025-07-25 23:39:59,Clear,30.76,74
2025-07-25 23:53:27,Clear,30.76,74
2025-07-26 03:48:28,Clear,33.76,55
2025-07-26 05:00:56,Clear,34.76,55
2025-07-26 05:49:09,Clear,35.76,52
2025-07-26 06:55:28,Clear,36.76,47
2025-07-26 07:36:09,Clear,36.76,47
2025-07-26 07:49:16,Clear,36.76,47
2025-07-26 08:49:46,Clear,35.76,56
2025-07-26 09:37:35,Clear,33.76,62
2025-07-26 09:51:27,Clear,33.76,62
2025-07-26 10:44:27,Clear,32.76,70
2025-07-26 10:57:07,Clear,32.76,70
2025-07-26 11:31:48,Clear,30.76,79
2025-07-26 11:46:39,Clear,30.76,79
2025-07-26 11:59:16,Clear,30.76,79
2025-07-26 13:43:48,Clear,28.76,94
2025-07-26 13:57:16,Clear,28.76,94
2025-07-26 14:43:07,Clear,28.76,94
2025-07-26 14:56:12,Clear,28.76,94
2025-07-26 15:42:50,Clear,28.76,94
2025-07-26 15:58:37,Clear,28.76,94
2025-07-26 16:52:23,Clear,27.76,100
2025-07-26 17:41:48,Clear,26.76,100
2025-07-26 17:53:56,Clear,26.76,100
2025-07-26 18:55:38,Clear,26.76,100
2025-07-26 19:28:06,Clear,25.76,100
2025-07-26 19:44:37,Clear,25.76,100
2025-07-26 19:56:49,Clear,25.76,100
2025-07-26 20:40:32,Clear,25.76,100
2025-07-26 20:55:03,Clear,25.76,100
2025-07-26 21:34:39,Clear,25.76,100
2025-07-26 21:52:08,Clear,25.76,100
2025-07-26 22:42:13,Clear,29.76,74
2025-07-26 22:55:41,Clear,29.76,74
2025-07-26 23:37:42,Clear,31.76,66
2025-07-26 23:52:51,Clear,31.76,66
2025-07-27 04:04:37,Clear,35.76,49
2025-07-27 05:42:04,Clouds,36.76,44
2025-07-27 05:58:05,Clouds,36.76,44
2025-07-27 06:57:50,Clear,35.76,56
2025-07-27 07:35:39,Clouds,35.76,63
2025-07-27 07:50:32,Clouds,35.76,63
2025-07-27 08:49:53,Clouds,34.76,63
2025-07-27 09:38:50,Clouds,33.76,70
2025-07-27 09:54:23,Clouds,33.76,70
2025-07-27 10:46:38,Clouds,31.76,79
2025-07-27 10:58:58,Clouds,31.76,79
2025-07-27 11:31:11,Clear,29.76,89
2025-07-27 11:45:25,Clear,29.76,89
2025-07-27 11:58:07,Clear,29.76,89
2025-07-27 13:42:54,Clear,27.76,94
2025-07-27 13:56:28,Clear,27.76,94
2025-07-27 14:41:33,Clear,27.76,94
2025-07-27 14:53:56,Clear,27.76,94
2025-07-27 15:38:39,Clear,27.76,100
2025-07-27 15:53:07,Clear,27.76,100
2025-07-27 16:50:51,Clear,27.76,100
2025-07-27 17:41:04,Clear,26.76,100
2025-07-27 17:55:20,Clear,26.76,100
2025-07-27 18:55:54,Clear,26.76,100
2025-07-27 19:30:32,Clear,26.76,100
2025-07-27 19:45:56,Clear,26.76,100
2025-07-27 19:58:21,Clear,26.76,100
2025-07-27 20:43:03,Clear,26.76,100
2025-07-27 20:56:43,Clear,26.76,100
2025-07-27 21:36:55,Clouds,25.76,100
2025-07-27 21:50:35,Clouds,25.76,100
2025-07-27 22:44:18,Clear,28.76,94
2025-07-27 22:57:13,Clear,28.76,94
2025-07-27 23:40:17,Clear,30.76,84
2025-07-27 23:54:45,Clear,30.76,84
2025-07-28 04:11:24,Clear,34.24,56
2025-07-28 05:47:01,Clouds,34.76,59
2025-07-28 07:00:48,Clouds,34.76,66
2025-07-28 07:48:04,Clouds,34.76,66
2025-07-28 08:58:14,Clouds,33.76,70
2025-07-28 09:52:30,Clouds,31.76,79
2025-07-28 10:52:14,Clouds,30.76,74
2025-07-28 11:34:20,Clear,28.76,84
2025-07-28 11:51:02,Clear,28.76,84
2025-07-28 13:53:21,Clear,26.76,94
2025-07-28 14:52:53,Clear,27.76,89
2025-07-28 15:47:15,Clear,26.76,94
2025-07-28 16:00:20,Clear,26.76,94
2025-07-28 16:59:39,Clear,25.76,100
2025-07-28 17:47:57,Clear,25.76,100
2025-07-28 18:00:28,Clear,25.76,100
2025-07-28 18:59:42,Clear,25.76,100
2025-07-28 19:35:24,Clear,25.76,100
2025-07-28 19:50:50,Clear,25.76,100
2025-07-28 20:45:57,Clear,24.76,100
2025-07-28 20:59:47,Clear,24.76,100
2025-07-28 21:38:56,Clear,25.76,100
2025-07-28 21:52:28,Clear,25.76,100
2025-07-28 22:51:25,Clear,27.76,100
2025-07-28 23:41:51,Clear,29.76,84
2025-07-28 23:58:04,Clear,29.76,84
2025-07-29 04:13:55,Clouds,34.76,55
2025-07-29 05:47:21,Clouds,35.76,56
2025-07-29 06:59:25,Clouds,35.76,56
2025-07-29 07:47:20,Clouds,35.76,56
2025-07-29 07:59:51,Clouds,35.76,56
2025-07-29 08:59:31,Clouds,34.76,59
2025-07-29 09:51:46,Clouds,33.76,59
2025-07-29 10:51:51,Clear,31.76,66
2025-07-29 11:33:11,Clear,29.76,79
2025-07-29 11:50:35,Clear,29.76,79
2025-07-29 13:54:01,Clear,28.76,89
2025-07-29 14:56:02,Clear,27.76,100
2025-07-29 15:50:45,Clear,27.76,100
2025-07-29 16:57:40,Clear,26.76,100
2025-07-29 17:50:07,Clear,26.76,100
2025-07-29 18:59:58,Clear,25.76,100
2025-07-29 19:38:04,Clouds,26.76,100
2025-07-29 19:52:45,Clouds,26.76,100
2025-07-29 20:47:23,Clouds,25.76,100
2025-07-29 20:59:41,Clouds,25.76,100
2025-07-29 21:41:57,Clear,26.76,100
2025-07-29 21:55:05,Clear,26.76,100
2025-07-29 22:48:57,Clouds,26.76,100
2025-07-29 23:38:23,Clear,29.76,84
2025-07-29 23:54:10,Clear,29.76,84
2025-07-30 03:58:03,Clear,32.76,62
2025-07-30 05:47:36,Clouds,34.76,59
2025-07-30 07:01:39,Clouds,34.76,59
2025-07-30 07:48:25,Clouds,32.76,70
2025-07-30 08:58:34,Clouds,32.76,70
2025-07-30 09:53:35,Clear,31.76,70
2025-07-30 10:51:43,Clear,30.76,84
2025-07-30 11:34:32,Clear,29.76,84
2025-07-30 11:51:21,Clear,29.76,84
2025-07-30 13:53:40,Clear,28.76,100
2025-07-30 14:51:04,Clear,28.76,100
2025-07-30 15:47:33,Clear,27.76,100
2025-07-30 16:55:08,Clear,27.76,100
2025-07-30 17:48:42,Clear,27.76,100
2025-07-30 18:58:54,Clear,27.76,100
2025-07-30 19:34:12,Clear,28.76,74
2025-07-30 19:48:15,Clear,28.76,74
2025-07-30 20:40:57,Clear,28.76,74
2025-07-30 20:58:52,Clear,28.76,74
2025-07-30 21:41:36,Clear,28.76,74
2025-07-30 21:53:38,Clear,28.76,74
2025-07-30 22:47:56,Clear,28.76,79
2025-07-30 23:38:15,Clear,28.76,84
2025-07-30 23:55:20,Clear,28.76,84
2025-07-31 03:57:07,Clear,32.76,58
2025-07-31 05:45:01,Clear,32.76,58
2025-07-31 05:59:54,Clear,32.76,58
2025-07-31 07:00:58,Clear,31.76,62
2025-07-31 07:33:06,Clear,30.76,66
2025-07-31 07:50:16,Clear,30.76,66
2025-07-31 08:20:10,Clouds,31.75,54
2025-07-31 08:50:39,Clear,30.76,66
2025-07-31 09:21:18,Clouds,30.97,55
2025-07-31 09:47:26,Clear,29.76,74
2025-07-31 10:00:08,Clear,29.76,74
2025-07-31 10:36:35,Clear,28.76,84
2025-07-31 10:55:36,Clear,28.76,84
2025-07-31 11:25:03,Clear,27.76,94
2025-07-31 11:44:09,Clear,27.76,94
2025-07-31 11:56:54,Clear,27.76,94
2025-07-31 13:00:28,Clear,27.76,100
2025-07-31 13:48:00,Clear,26.76,100
2025-07-31 14:11:59,Clouds,26.87,80
2025-07-31 14:43:22,Clear,26.76,100
2025-07-31 14:59:36,Clear,26.76,100
2025-07-31 15:34:41,Clear,26.76,100
2025-07-31 15:52:58,Clear,26.76,100
2025-07-31 16:27:09,Clear,26.76,100
2025-07-31 16:55:57,Clear,26.76,100
2025-07-31 17:27:20,Clear,26.76,100
2025-07-31 17:48:23,Clear,26.76,100
2025-07-31 18:14:46,Clouds,26.35,84
2025-07-31 18:50:22,Clear,26.76,100
2025-07-31 19:14:59,Clouds,26.65,84
2025-07-31 19:32:53,Clear,26.76,100
2025-07-31 19:46:36,Clear,26.76,100
2025-07-31 19:59:15,Clear,26.76,100
2025-07-31 20:33:47,Clear,25.76,100
2025-07-31 20:52:51,Clear,25.76,100
2025-07-31 21:19:53,Clouds,26.44,85
2025-07-31 21:40:04,Clear,25.76,100
2025-07-31 21:53:38,Clear,25.76,100
2025-07-31 22:22:19,Clear,27.76,100
2025-07-31 22:45:47,Clear,27.76,100
2025-07-31 22:58:19,Clear,27.76,100
2025-07-31 23:28:51,Clear,29.76,79
2025-07-31 23:46:51,Clear,29.76,79
2025-07-31 23:59:22,Clear,29.76,79
2025-08-01 02:41:07,Clear,34.76,55
2025-08-01 04:07:52,Clear,33.76,55
2025-08-01 05:02:23,Clear,33.76,59
2025-08-01 05:45:32,Clear,33.76,59
2025-08-01 06:01:20,Clear,33.76,59
2025-08-01 06:49:40,Clouds,31.76,74
2025-08-01 07:19:30,Clouds,33.41,55
2025-08-01 07:44:18,Clear,33.76,55
2025-08-01 07:57:40,Clear,33.76,55
2025-08-01 08:39:37,Clear,31.76,70
2025-08-01 09:01:26,Clear,31.76,70
2025-08-01 09:37:21,Clouds,30.76,70
2025-08-01 09:56:09,Clouds,30.76,70
2025-08-01 10:32:26,Rain,29.76,89
2025-08-01 10:54:38,Clear,29.76,89
2025-08-01 11:22:03,Clouds,29.27,79
2025-08-01 11:40:06,Clear,28.76,100
2025-08-01 11:53:13,Clear,28.76,100
2025-08-01 12:46:22,Clear,27.76,100
2025-08-01 13:29:28,Clear,27.76,100
2025-08-01 13:57:54,Clear,27.76,100
2025-08-01 14:32:10,Clear,27.76,100
2025-08-01 14:53:38,Clear,27.76,100
2025-08-01 15:25:15,Clear,26.76,100
2025-08-01 15:47:22,Clear,26.76,100
2025-08-01 16:00:22,Clear,26.76,100
2025-08-01 16:39:53,Clear,27.76,100
2025-08-01 17:01:14,Clear,27.76,100
2025-08-01 17:34:09,Clear,26.76,100
2025-08-01 17:52:35,Clear,26.76,100
2025-08-01 18:29:26,Clear,26.76,100
2025-08-01 18:56:48,Clear,26.76,100
2025-08-01 19:23:50,Clouds,25.76,100
2025-08-01 19:40:27,Clouds,25.76,100
2025-08-01 19:53:08,Clouds,25.76,100
2025-08-01 20:23:30,Clouds,25.33,91
2025-08-01 20:45:50,Mist,25.76,100
2025-08-01 20:58:35,Mist,25.76,100
2025-08-01 21:28:46,Clouds,25.76,100
2025-08-01 21:46:55,Mist,25.76,100
2025-08-01 21:59:27,Mist,25.76,100
2025-08-01 22:31:39,Mist,27.76,94
2025-08-01 22:51:22,Mist,27.76,94
2025-08-01 23:16:34,Clouds,27.89,86
2025-08-01 23:38:05,Mist,29.76,79
2025-08-01 23:52:16,Mist,29.76,79
2025-08-02 01:38:02,Mist,32.76,58
2025-08-02 03:17:40,Clouds,32.16,64
2025-08-02 04:07:11,Clouds,33.76,59
2025-08-02 04:49:08,Clouds,33.76,52
2025-08-02 05:16:09,Clouds,33.07,53
2025-08-02 05:45:25,Clouds,34.76,49
2025-08-02 05:59:17,Clouds,34.76,49
2025-08-02 06:41:08,Clouds,34.76,49
2025-08-02 06:59:16,Clouds,34.76,49
2025-08-02 07:27:45,Clouds,34.76,49
2025-08-02 07:43:57,Clouds,34.76,49
2025-08-02 07:56:46,Clouds,34.76,49
2025-08-02 08:34:43,Clouds,33.76,55
2025-08-02 08:55:13,Clouds,33.76,55
2025-08-02 09:28:26,Clear,31.94,53
2025-08-02 09:46:45,Clouds,32.76,58
2025-08-02 09:59:13,Clouds,32.76,58
2025-08-02 10:31:57,Clear,29.76,70
2025-08-02 10:51:14,Clear,29.76,70
2025-08-02 11:13:47,Clear,28.76,68
2025-08-02 11:31:37,Clear,28.76,70
2025-08-02 11:45:25,Clear,28.76,70
2025-08-02 11:58:00,Clear,28.76,70
2025-08-02 12:56:16,Clear,27.76,83
2025-08-02 13:36:31,Clear,27.76,89
2025-08-02 13:52:56,Clear,27.76,89
2025-08-02 14:18:37,Clouds,27.53,82
2025-08-02 14:40:56,Clear,27.76,83
2025-08-02 14:54:17,Clear,27.76,83
2025-08-02 15:24:00,Clear,26.76,94
2025-08-02 15:43:11,Clear,26.76,94
2025-08-02 15:55:46,Clear,26.76,94
2025-08-02 16:33:02,Clear,26.76,100
2025-08-02 16:54:39,Clear,26.76,100
2025-08-02 17:20:53,Clouds,26.7,87
2025-08-02 17:42:05,Clear,25.76,100
2025-08-02 17:54:43,Clear,25.76,100
2025-08-02 18:34:28,Clear,25.76,100
2025-08-02 18:56:08,Clear,25.76,100
2025-08-02 19:21:23,Clear,25.76,100
2025-08-02 19:37:26,Clear,25.76,100
2025-08-02 19:50:02,Clear,25.76,100
2025-08-02 20:13:57,Clear,25.76,100
2025-08-02 20:38:25,Clear,24.76,100
2025-08-02 20:53:03,Clear,24.76,100
2025-08-02 21:18:54,Clouds,25.82,90
2025-08-02 21:38:37,Clear,25.76,100
2025-08-02 21:51:57,Clear,25.76,100
2025-08-02 22:16:44,Clouds,26.92,88
2025-08-02 22:41:02,Clear,26.76,100
2025-08-02 22:55:04,Clear,26.76,100
2025-08-02 23:26:46,Clear,27.76,89
2025-08-02 23:47:07,Clear,27.76,89
2025-08-02 23:59:54,Clear,27.76,89
2025-08-03 02:39:53,Clear,31.76,55
2025-08-03 04:03:14,Clear,31.76,55
2025-08-03 04:56:17,Clear,32.76,55
2025-08-03 05:34:29,Rain,31.76,58
2025-08-03 05:55:25,Clear,31.76,58
2025-08-03 06:37:59,Rain,31.76,62
2025-08-03 06:58:02,Rain,31.76,62
2025-08-03 07:27:22,Clear,30.76,66
2025-08-03 07:43:37,Clear,30.76,66
2025-08-03 07:56:20,Clear,30.76,66
2025-08-03 08:34:24,Clouds,29.76,70
2025-08-03 08:54:43,Clouds,29.76,70
2025-08-03 09:25:37,Rain,27.76,89
2025-08-03 09:45:03,Rain,27.76,89
2025-08-03 09:57:34,Rain,27.76,89
2025-08-03 10:30:58,Rain,27.76,83
2025-08-03 10:50:44,Rain,27.76,83
2025-08-03 11:13:01,Rain,26.99,87
2025-08-03 11:32:39,Mist,26.76,89
2025-08-03 11:47:09,Mist,26.76,89
2025-08-03 11:59:56,Mist,26.76,89
2025-08-03 12:59:46,Rain,27.76,69
2025-08-03 13:39:52,Clouds,27.76,74
2025-08-03 13:56:07,Clouds,27.76,74
2025-08-03 14:25:44,Rain,23.76,100
2025-08-03 14:45:52,Rain,23.76,100
2025-08-03 14:58:20,Rain,23.76,100
2025-08-03 15:30:13,Rain,23.76,100
2025-08-03 15:49:21,Rain,23.76,100
2025-08-03 16:13:18,Rain,23.76,100
2025-08-03 16:44:16,Clouds,23.76,100
2025-08-03 16:59:45,Clouds,23.76,100
2025-08-03 17:29:26,Clouds,23.65,95
2025-08-03 17:48:44,Clouds,23.76,100
2025-08-03 18:14:06,Rain,23.84,92
2025-08-03 18:47:09,Rain,23.76,100
2025-08-03 19:07:01,Rain,23.76,100
2025-08-03 19:27:11,Rain,23.76,100
2025-08-03 19:42:57,Rain,23.76,100
2025-08-03 19:55:38,Clouds,23.76,100
2025-08-03 20:30:17,Clouds,22.76,100
2025-08-03 20:49:22,Clouds,22.76,100
2025-08-03 21:10:53,Clouds,23.76,100
2025-08-03 21:33:21,Mist,23.76,100
2025-08-03 21:48:00,Mist,23.76,100
2025-08-03 22:08:26,Mist,23.76,100
2025-08-03 22:37:10,Mist,23.76,100
2025-08-03 22:53:57,Mist,23.76,100
2025-08-03 23:23:17,Clouds,25.76,100
2025-08-03 23:42:58,Mist,25.76,100
2025-08-03 23:55:45,Mist,25.76,100
2025-08-04 02:35:51,Clouds,29.76,79
2025-08-04 04:07:56,Clouds,31.76,66
2025-08-04 05:06:56,Clouds,32.76,58
2025-08-04 05:51:43,Clouds,32.76,58
2025-08-04 06:33:41,Clouds,33.76,55
2025-08-04 07:05:11,Clouds,33.76,55
2025-08-04 07:41:08,Clouds,33.76,55
2025-08-04 07:57:18,Clouds,33.76,55
2025-08-04 08:40:47,Clouds,30.76,70
2025-08-04 09:03:48,Clouds,30.76,70
2025-08-04 09:44:58,Clouds,28.76,74
2025-08-04 10:01:08,Clouds,28.76,74
2025-08-04 10:39:04,Clouds,28.76,74
2025-08-04 10:58:38,Clouds,28.76,74
2025-08-04 11:27:51,Clouds,28.76,79
2025-08-04 11:45:43,Clouds,28.76,79
2025-08-04 11:58:23,Clouds,28.76,79
2025-08-04 13:04:25,Clear,27.76,89
2025-08-04 13:51:41,Clear,26.76,94
2025-08-04 14:21:45,Clouds,26.75,89
2025-08-04 14:51:27,Clear,26.76,94
2025-08-04 15:19:22,Clouds,26.33,89
2025-08-04 15:44:52,Clear,26.76,94
2025-08-04 16:00:20,Clear,26.76,94
2025-08-04 16:43:30,Clear,24.76,100
2025-08-04 17:12:57,Clouds,25.61,93
2025-08-04 17:43:44,Clear,24.76,100
2025-08-04 17:58:25,Clear,24.76,100
2025-08-04 18:46:44,Clear,24.76,100
2025-08-04 19:10:38,Clear,24.76,100
2025-08-04 19:33:04,Clear,24.76,100
2025-08-04 19:48:05,Clear,24.76,100
2025-08-04 20:10:40,Clear,24.89,94
2025-08-04 20:40:57,Clear,23.76,100
2025-08-04 20:56:31,Clear,23.76,100
2025-08-04 21:28:50,Clouds,23.76,100
2025-08-04 21:47:18,Clouds,23.76,100
2025-08-04 21:59:51,Clouds,23.76,100
2025-08-04 22:33:07,Clouds,24.76,100
2025-08-04 22:52:47,Clouds,24.76,100
2025-08-04 23:19:59,Clear,26.68,88
2025-08-04 23:40:41,Clouds,26.76,89
2025-08-04 23:54:13,Clouds,26.76,89
2025-08-05 02:07:52,Clouds,29.76,66
2025-08-05 03:52:49,Clouds,32.76,55
2025-08-05 04:48:29,Clouds,31.76,58
2025-08-05 05:20:43,Clouds,32.34,54
2025-08-05 05:51:38,Clouds,31.76,58
2025-08-05 06:28:54,Clouds,32.09,55
2025-08-05 07:00:31,Clouds,31.76,55
2025-08-05 07:35:38,Clouds,30.76,66
2025-08-05 07:52:29,Clouds,30.76,66
2025-08-05 08:28:36,Clouds,30.76,70
2025-08-05 08:57:59,Clouds,30.76,70
2025-08-05 09:36:00,Clouds,28.76,79
2025-08-05 09:55:36,Clouds,28.76,79
2025-08-05 10:31:40,Clouds,27.76,83
2025-08-05 10:54:52,Clouds,27.76,83
2025-08-05 11:23:35,Clouds,28.81,73
2025-08-05 11:42:36,Clouds,26.76,89
2025-08-05 11:55:10,Clouds,26.76,89
2025-08-05 12:59:13,Clouds,26.76,94
2025-08-05 13:49:33,Clouds,26.76,100
2025-08-05 14:17:35,Clouds,26.89,85
2025-08-05 14:48:01,Clouds,26.76,100
2025-08-05 15:11:37,Clouds,26.76,100
2025-08-05 15:41:38,Clouds,26.76,94
2025-08-05 15:55:16,Clouds,26.76,94
2025-08-05 16:29:27,Clouds,26.76,94
2025-08-05 16:51:53,Clouds,26.76,94
2025-08-05 17:17:22,Clouds,26.24,88
2025-08-05 17:42:20,Clouds,26.76,100
2025-08-05 17:56:36,Clouds,26.76,100
2025-08-05 18:46:21,Rain,26.76,100
2025-08-05 19:11:45,Rain,26.76,100
2025-08-05 19:34:43,Rain,27.76,100
2025-08-05 19:50:18,Clouds,27.76,100
2025-08-05 20:15:20,Mist,27.78,89
2025-08-05 20:40:23,Mist,27.76,100
2025-08-05 20:56:16,Mist,27.76,100
2025-08-05 21:28:21,Mist,27.76,100
2025-08-05 21:46:51,Mist,27.76,100
2025-08-05 21:59:34,Mist,27.76,100
2025-08-05 22:33:16,Mist,27.76,100
2025-08-05 22:52:52,Mist,27.76,100
2025-08-05 23:20:28,Mist,29.76,94
2025-08-05 23:41:16,Mist,29.76,94
2025-08-05 23:54:31,Mist,29.76,94
2025-08-06 02:09:06,Rain,29.76,94
2025-08-06 03:50:32,Rain,27.76,100
2025-08-06 04:39:19,Rain,27.76,100
2025-08-06 05:18:29,Rain,27.76,100
2025-08-06 05:51:07,Rain,26.76,100
2025-08-06 06:27:27,Rain,26.76,100
2025-08-06 07:00:20,Rain,25.76,100
2025-08-06 07:35:20,Clouds,25.76,100
2025-08-06 07:52:43,Rain,25.76,100
2025-08-06 08:28:51,Rain,25.76,100
2025-08-06 08:58:07,Clouds,25.76,100
2025-08-06 09:37:00,Clouds,27.76,89
2025-08-06 09:56:40,Clouds,27.76,89
2025-08-06 10:33:28,Clear,27.76,89
2025-08-06 10:55:18,Clear,27.76,89
2025-08-06 11:24:38,Clouds,26.64,92
2025-08-06 11:43:34,Clear,25.76,100
2025-08-06 11:56:17,Clear,25.76,100
2025-08-06 13:03:15,Clouds,25.76,100
2025-08-06 13:51:27,Clouds,25.76,100
2025-08-06 14:20:59,Clouds,24.78,100
2025-08-06 14:50:04,Clouds,25.76,100
2025-08-06 15:16:16,Clouds,25.61,99
2025-08-06 15:43:09,Clouds,25.76,100
2025-08-06 15:58:22,Clouds,25.76,100
2025-08-06 16:39:09,Clouds,25.76,100
2025-08-06 17:01:10,Clouds,25.76,100
2025-08-06 17:34:18,Clouds,25.76,100
2025-08-06 17:53:06,Clouds,25.76,100
2025-08-06 18:31:05,Clouds,25.76,100
2025-08-06 18:58:12,Clouds,25.76,100
2025-08-06 19:26:28,Clouds,24.76,100
2025-08-06 19:44:21,Clouds,24.76,100
2025-08-06 19:57:03,Clouds,24.76,100
2025-08-06 20:32:28,Clouds,24.76,100
2025-08-06 20:52:31,Clouds,24.76,100
2025-08-06 21:17:11,Clouds,25.06,96
2025-08-06 21:37:41,Clouds,24.76,100
2025-08-06 21:51:13,Clouds,24.76,100
2025-08-06 22:17:12,Clouds,25.76,100
2025-08-06 22:43:06,Clouds,25.76,100
2025-08-06 22:57:15,Clouds,25.76,100
2025-08-06 23:29:09,Clouds,26.76,94
2025-08-06 23:47:45,Clouds,26.76,94
2025-08-07 00:00:22,Clouds,26.76,94
2025-08-07 02:31:01,Clouds,29.76,58
2025-08-07 03:56:08,Clouds,29.76,62
2025-08-07 04:52:05,Clouds,30.76,58
2025-08-07 05:26:58,Clouds,30.76,58
2025-08-07 05:54:04,Clouds,30.76,58
2025-08-07 06:38:18,Clouds,30.76,55
2025-08-07 07:03:28,Clouds,30.76,55
2025-08-07 07:35:47,Clouds,30.76,51
2025-08-07 07:51:59,Clouds,30.76,51
2025-08-07 08:26:23,Clouds,30.76,66
2025-08-07 08:56:34,Clouds,30.76,66
2025-08-07 09:34:52,Clouds,29.76,70
2025-08-07 09:54:57,Clouds,29.76,70
2025-08-07 10:29:00,Clear,27.76,78
2025-08-07 10:52:48,Clear,27.76,78
2025-08-07 11:18:57,Clouds,27.36,71
2025-08-07 11:38:38,Clear,26.76,78
2025-08-07 11:52:33,Clear,26.76,78
2025-08-07 12:43:16,Clear,25.76,83
2025-08-07 13:31:13,Clear,25.76,94
2025-08-07 13:59:53,Clear,25.76,94
2025-08-07 14:35:53,Clear,24.76,100
2025-08-07 14:56:50,Clear,24.76,100
2025-08-07 15:33:00,Clear,23.76,100
2025-08-07 15:50:54,Clear,23.76,100
2025-08-07 16:20:56,Clouds,24.65,89
2025-08-07 16:50:36,Clear,23.76,100
2025-08-07 17:16:59,Clouds,24.22,91
2025-08-07 17:43:11,Clear,23.76,100
2025-08-07 17:56:26,Clear,23.76,100
2025-08-07 18:45:34,Clear,22.76,100
2025-08-07 19:10:27,Clear,22.76,100
2025-08-07 19:30:59,Clear,22.76,100
2025-08-07 19:45:42,Clear,22.76,100
2025-08-07 19:58:07,Clear,22.76,100
2025-08-07 20:33:11,Clear,21.76,100
2025-08-07 20:52:48,Clear,21.76,100
2025-08-07 21:18:19,Clear,24.13,92
2025-08-07 21:38:59,Clear,21.76,100
2025-08-07 21:52:37,Clear,21.76,100
2025-08-07 22:20:11,Clouds,24.31,93
2025-08-07 22:44:41,Clear,24.76,100
2025-08-07 22:57:39,Clear,24.76,100
2025-08-07 23:29:25,Clouds,27.76,74
2025-08-07 23:48:06,Clouds,27.76,74
2025-08-08 00:46:39,Clear,27.76,74
2025-08-08 02:54:25,Clouds,29.76,66
2025-08-08 04:06:36,Clouds,30.76,62
2025-08-08 04:56:05,Clouds,30.76,66
2025-08-08 05:36:07,Clouds,29.76,70
2025-08-08 05:56:32,Clouds,29.76,70
2025-08-08 06:46:52,Clouds,29.76,66
2025-08-08 07:15:03,Clouds,31.23,56
2025-08-08 07:41:28,Clouds,30.76,58
2025-08-08 07:55:42,Clouds,30.76,58
2025-08-08 08:38:25,Clear,29.76,58
2025-08-08 09:00:54,Clear,29.76,58
2025-08-08 09:37:46,Clear,28.76,61
2025-08-08 09:55:45,Clear,28.76,61
2025-08-08 10:31:25,Clear,26.76,74
2025-08-08 10:53:21,Clear,26.76,74
2025-08-08 11:19:36,Clouds,27.55,73
2025-08-08 11:38:59,Clear,25.76,78
2025-08-08 11:52:35,Clear,25.76,78
2025-08-08 12:42:15,Clear,25.76,83
2025-08-08 13:28:51,Clear,24.76,94
2025-08-08 13:57:35,Clear,24.76,94
2025-08-08 14:32:04,Clear,24.76,100
2025-08-08 14:53:39,Clear,24.76,100
2025-08-08 15:25:10,Clouds,25.42,85
2025-08-08 15:47:46,Clear,23.76,100
2025-08-08 16:00:09,Clear,23.76,100
2025-08-08 16:35:55,Clear,24.76,100
2025-08-08 16:54:07,Clear,24.76,100
2025-08-08 17:18:57,Clouds,24.81,90
2025-08-08 17:39:03,Clouds,24.76,100
2025-08-08 17:52:14,Clouds,24.76,100
2025-08-08 18:26:30,Clouds,24.76,100
2025-08-08 18:53:17,Clouds,24.76,100
2025-08-08 19:16:42,Clouds,24.76,100
2025-08-08 19:30:42,Clouds,24.76,100
2025-08-08 19:43:55,Clouds,24.76,100
2025-08-08 19:56:45,Clouds,24.76,100
2025-08-08 20:30:56,Clouds,24.76,100
2025-08-08 20:49:34,Clouds,24.76,100
2025-08-08 21:11:15,Clouds,24.76,100
2025-08-08 21:32:37,Clouds,24.76,100
2025-08-08 21:47:13,Clouds,24.76,100
2025-08-08 21:59:54,Clouds,24.76,100
2025-08-08 22:30:54,Clouds,24.76,100
2025-08-08 22:49:27,Clouds,24.76,100
2025-08-08 23:11:52,Clouds,24.91,90
2025-08-08 23:32:43,Clouds,24.76,100
2025-08-08 23:47:18,Clouds,24.76,100
2025-08-08 23:59:46,Clouds,24.76,100
2025-08-09 02:18:30,Clouds,25.8,83
2025-08-09 03:35:49,Rain,25.76,89
2025-08-09 04:06:07,Clouds,25.76,89
2025-08-09 04:42:35,Rain,25.76,94
2025-08-09 04:59:12,Clear,25.76,94
2025-08-09 05:30:30,Clear,25.76,83
2025-08-09 05:48:20,Clear,25.76,83
2025-08-09 06:13:03,Clear,25.76,83
2025-08-09 06:46:34,Clear,26.76,74
2025-08-09 07:00:23,Clear,26.76,74
2025-08-09 07:27:07,Clear,26.76,74
2025-08-09 07:43:06,Clear,26.76,74
2025-08-09 07:55:40,Clear,26.76,74
2025-08-09 08:33:11,Clear,26.76,69
2025-08-09 08:53:17,Clear,26.76,69
2025-08-09 09:21:01,Clouds,26.45,70
2025-08-09 09:39:27,Clear,26.76,69
2025-08-09 09:51:49,Clear,26.76,69
2025-08-09 10:17:12,Clear,26.76,69
2025-08-09 10:40:57,Clear,26.76,74
2025-08-09 10:53:55,Clear,26.76,74
2025-08-09 11:18:16,Clouds,24.83,79
2025-08-09 11:33:10,Clear,24.76,83
2025-08-09 11:46:02,Clear,24.76,83
2025-08-09 11:58:42,Clear,24.76,83
2025-08-09 12:55:26,Clear,23.76,94
2025-08-09 13:33:57,Clear,22.76,100
2025-08-09 13:50:06,Clear,22.76,100
2025-08-09 14:12:18,Clear,22.76,100
2025-08-09 14:36:41,Clear,22.76,94
2025-08-09 14:50:53,Clear,22.76,94
2025-08-09 15:14:21,Clouds,23.01,90
2025-08-09 15:35:46,Clear,21.76,100
2025-08-09 15:49:56,Clear,21.76,100
2025-08-09 16:14:54,Clouds,22.36,94
2025-08-09 16:43:21,Clear,20.76,100
2025-08-09 16:57:29,Clear,20.76,100
2025-08-09 17:24:49,Clouds,22.05,93
2025-08-09 17:42:57,Clear,20.76,100
2025-08-09 17:55:23,Clear,20.76,100
2025-08-09 18:35:50,Clear,20.76,100
2025-08-09 18:55:17,Clear,20.76,100
2025-08-09 19:19:18,Clear,20.76,100
2025-08-09 19:33:22,Clear,20.76,100
2025-08-09 19:46:02,Clear,20.76,100
2025-08-09 19:58:32,Clear,20.76,100
2025-08-09 20:30:00,Clear,21.25,93
2025-08-09 20:47:08,Clear,19.76,100
2025-08-09 20:59:51,Clear,19.76,100
2025-08-09 21:26:33,Clear,21.42,95
2025-08-09 21:43:20,Clear,19.76,100
2025-08-09 21:55:54,Clear,19.76,100
2025-08-09 22:26:12,Clear,22.76,100
2025-08-09 22:46:04,Clear,22.76,100
2025-08-09 22:58:42,Clear,22.76,100
2025-08-09 23:27:04,Clear,24.76,83
2025-08-09 23:44:20,Clear,24.76,83
2025-08-09 23:57:08,Clear,24.76,83
2025-08-10 02:33:08,Clear,27.76,69
2025-08-10 03:54:37,Clear,29.76,58
2025-08-10 04:43:52,Clear,30.76,58
2025-08-10 05:12:16,Clouds,31.61,50
2025-08-10 05:41:41,Clear,30.76,58
2025-08-10 05:55:30,Clear,30.76,58
2025-08-10 06:37:28,Clear,31.76,51
2025-08-10 06:56:38,Clear,31.76,51
2025-08-10 07:24:59,Clear,31.76,51
2025-08-10 07:41:00,Clear,31.76,51
2025-08-10 07:53:44,Clear,31.76,51
2025-08-10 08:27:55,Clear,31.76,51
2025-08-10 08:49:59,Clear,31.76,51
2025-08-10 09:13:08,Clear,31.76,51
2025-08-10 09:35:01,Clear,30.76,66
2025-08-10 09:48:52,Clear,30.76,66
2025-08-10 10:10:39,Clear,30.76,66
2025-08-10 10:39:38,Clear,27.76,83
2025-08-10 10:53:23,Clear,27.76,83
2025-08-10 11:17:11,Clear,27.76,83
2025-08-10 11:32:14,Clear,26.76,89
2025-08-10 11:44:35,Clear,26.76,89
2025-08-10 11:57:02,Clear,26.76,89
2025-08-10 12:55:04,Clear,26.76,89
2025-08-10 13:33:38,Clear,24.76,100
2025-08-10 13:50:06,Clear,24.76,100
2025-08-10 14:11:50,Clear,24.76,100
2025-08-10 14:36:18,Clear,24.76,100
2025-08-10 14:50:19,Clear,24.76,100
2025-08-10 15:13:16,Clear,24.76,100
2025-08-10 15:34:58,Clear,24.76,100
2025-08-10 15:49:10,Clear,24.76,100
2025-08-10 16:13:03,Clear,23.29,90
2025-08-10 16:42:35,Clear,23.76,100
2025-08-10 16:57:14,Clear,23.76,100
2025-08-10 17:24:13,Clear,23.76,100
2025-08-10 17:42:07,Clear,23.76,100
2025-08-10 17:54:48,Clear,23.76,100
2025-08-10 18:33:33,Clear,22.76,100
2025-08-10 18:53:23,Rain,22.76,100
2025-08-10 19:16:17,Rain,22.94,93
2025-08-10 19:29:52,Clear,23.76,100
2025-08-10 19:42:15,Clear,23.76,100
2025-08-10 19:54:58,Rain,23.76,100
2025-08-10 20:26:48,Clear,23.76,100
2025-08-10 20:45:02,Clear,23.76,100
2025-08-10 20:57:44,Clear,23.76,100
2025-08-10 21:25:32,Clear,23.76,100
2025-08-10 21:42:39,Clear,23.76,100
2025-08-10 21:55:26,Clear,23.76,100
2025-08-10 22:25:15,Clouds,23.67,94
2025-08-10 22:45:30,Clear,24.76,100
2025-08-10 22:58:13,Clear,24.76,100
2025-08-10 23:26:39,Clear,25.76,100
2025-08-10 23:44:26,Clear,25.76,100
2025-08-10 23:56:57,Clear,25.76,100
2025-08-11 02:28:35,Clouds,28.76,74
2025-08-11 03:54:07,Clouds,28.76,74
2025-08-11 04:48:28,Clouds,29.76,66
2025-08-11 05:19:06,Clouds,29.76,66
2025-08-11 05:48:40,Clouds,29.76,66
2025-08-11 06:17:45,Clouds,28.38,61
2025-08-11 06:53:43,Clouds,28.76,74
2025-08-11 07:26:29,Clouds,29.76,66
2025-08-11 07:46:52,Clouds,29.76,66
2025-08-11 07:59:22,Clouds,29.76,66
2025-08-11 08:41:38,Clouds,29.76,66
2025-08-11 09:01:43,Clouds,29.76,66
2025-08-11 09:36:58,Clouds,27.76,74
2025-08-11 09:54:46,Clouds,27.76,74
2025-08-11 10:28:49,Clouds,27.76,78
2025-08-11 10:52:05,Clouds,27.76,78
2025-08-11 11:16:55,Clouds,25.89,79
2025-08-11 11:35:40,Clouds,26.76,83
2025-08-11 11:49:26,Clouds,26.76,83
2025-08-11 12:25:23,Clear,24.76,88
2025-08-11 13:20:42,Clear,23.71,86
2025-08-11 13:54:39,Clear,24.76,88
2025-08-11 14:26:53,Clear,24.76,88
2025-08-11 14:50:53,Clear,24.76,88
2025-08-11 15:17:16,Clear,22.91,89
2025-08-11 15:41:43,Clear,23.76,100
2025-08-11 15:57:14,Clear,23.76,100
2025-08-11 16:37:14,Clouds,22.76,100
2025-08-11 16:58:35,Clouds,22.76,100
2025-08-11 17:30:08,Clear,22.76,100
2025-08-11 17:49:22,Mist,22.76,100
2025-08-11 18:17:55,Clear,21.65,93
2025-08-11 18:50:36,Mist,22.76,100
2025-08-11 19:14:01,Clear,22.56,95
2025-08-11 19:31:58,Mist,20.76,100
2025-08-11 19:45:45,Mist,20.76,100
2025-08-11 19:58:15,Mist,20.76,100
2025-08-11 20:29:09,Clear,20.76,100
2025-08-11 20:46:40,Mist,20.76,100
2025-08-11 20:59:30,Mist,20.76,100
2025-08-11 21:25:21,Mist,20.76,100
2025-08-11 21:41:56,Mist,20.76,100
2025-08-11 21:54:12,Mist,20.76,100
2025-08-11 22:22:23,Clear,22.9,96
2025-08-11 22:42:46,Mist,23.76,100
2025-08-11 22:55:12,Mist,23.76,100
2025-08-11 23:23:56,Clear,26.76,78
2025-08-11 23:40:36,Mist,26.76,78
2025-08-11 23:53:16,Mist,26.76,78
2025-08-12 01:43:54,Clear,29.76,54
2025-08-12 03:09:44,Clouds,29.13,53
2025-08-12 03:57:14,Clear,31.76,48
2025-08-12 04:35:50,Clouds,32.76,43
2025-08-12 04:55:32,Clouds,32.76,43
2025-08-12 05:26:34,Clouds,32.78,38
2025-08-12 05:45:38,Clouds,32.76,46
2025-08-12 05:58:17,Clouds,32.76,46
2025-08-12 06:42:18,Clouds,33.76,43
2025-08-12 07:00:09,Clouds,33.76,43
2025-08-12 07:29:57,Clear,34.76,34
2025-08-12 07:45:34,Clear,34.76,34
2025-08-12 07:58:13,Clear,34.76,34
2025-08-12 08:37:07,Clear,33.76,40
2025-08-12 08:57:36,Clear,33.76,40
2025-08-12 09:31:20,Clear,31.76,45
2025-08-12 09:48:51,Clear,31.76,45
2025-08-12 10:11:57,Clouds,30.06,53
2025-08-12 10:41:50,Clear,30.76,55
2025-08-12 10:55:52,Clear,30.76,55
2025-08-12 11:23:57,Clouds,28.79,61
2025-08-12 11:40:36,Clear,28.76,61
2025-08-12 11:53:33,Clear,28.76,61
2025-08-12 12:44:58,Clear,27.76,65
2025-08-12 13:24:46,Clouds,26.72,72
2025-08-12 13:51:54,Clear,26.76,74
2025-08-12 14:17:40,Clouds,25.94,77
2025-08-12 14:42:11,Clear,25.76,78
2025-08-12 14:56:40,Clear,25.76,78
2025-08-12 15:30:30,Clear,25.76,83
2025-08-12 15:49:13,Clear,25.76,83
2025-08-12 16:14:16,Clouds,25.49,81
2025-08-12 16:45:34,Clouds,26.76,78
2025-08-12 17:01:07,Clouds,26.76,78
2025-08-12 17:48:31,Clouds,23.76,100
2025-08-12 18:14:45,Clouds,24.96,81
2025-08-12 18:48:16,Clouds,24.76,100
2025-08-12 19:08:17,Clouds,24.76,100
2025-08-12 19:27:42,Clouds,24.76,100
2025-08-12 19:42:01,Clouds,24.76,100
2025-08-12 19:54:41,Rain,24.76,100
2025-08-12 20:27:42,Thunderstorm,23.76,100
2025-08-12 20:46:42,Thunderstorm,23.76,100
2025-08-12 20:59:22,Thunderstorm,23.76,100
2025-08-12 21:27:10,Thunderstorm,23.76,100
2025-08-12 21:43:57,Rain,23.76,100
2025-08-12 21:56:36,Rain,23.76,100
2025-08-12 22:26:48,Rain,23.76,100
2025-08-12 22:45:47,Rain,23.76,100
2025-08-12 22:58:13,Rain,23.76,100
2025-08-12 23:26:31,Rain,24.76,100
2025-08-12 23:43:19,Rain,24.76,100
2025-08-12 23:56:03,Rain,24.76,100
2025-08-13 02:11:20,Rain,22.76,100
2025-08-13 03:34:36,Clouds,23.76,100
2025-08-13 04:05:40,Clouds,23.76,100
2025-08-13 04:43:37,Rain,27.76,100
2025-08-13 05:00:49,Rain,27.76,100
2025-08-13 05:32:56,Rain,27.76,100
2025-08-13 05:50:06,Rain,27.76,100
2025-08-13 06:20:56,Rain,26.76,100
2025-08-13 06:52:14,Clouds,26.76,100
2025-08-13 07:19:32,Rain,26.78,94
2025-08-13 07:39:39,Rain,26.76,100
2025-08-13 07:52:33,Rain,26.76,100
2025-08-13 08:26:44,Clouds,27.76,100
2025-08-13 08:53:52,Clouds,26.76,100
2025-08-13 09:25:53,Rain,25.76,100
2025-08-13 09:46:30,Rain,25.76,100
2025-08-13 09:59:14,Rain,25.76,100
2025-08-13 10:33:35,Rain,23.76,100
2025-08-13 10:52:07,Rain,23.76,100
2025-08-13 11:16:38,Rain,23.76,100
2025-08-13 11:34:18,Rain,24.76,100
2025-08-13 11:47:30,Rain,24.76,100
2025-08-13 12:00:16,Rain,24.76,100
2025-08-13 13:00:31,Mist,23.76,100
2025-08-13 13:44:54,Clouds,23.76,100
2025-08-13 13:59:47,Rain,23.76,100
2025-08-13 14:32:35,Clouds,24.76,100
2025-08-13 14:52:10,Clouds,24.76,100
2025-08-13 15:17:09,Clouds,25.18,98
2025-08-13 15:35:15,Clouds,24.76,100
2025-08-13 15:48:06,Clouds,24.76,100
2025-08-13 16:08:05,Clouds,24.76,100
2025-08-13 16:35:47,Clouds,24.76,100
2025-08-13 16:52:52,Clouds,24.76,100
2025-08-13 17:15:38,Rain,25.59,98
2025-08-13 17:33:51,Clouds,24.76,100
2025-08-13 17:46:22,Clouds,24.76,100
2025-08-13 17:58:48,Rain,24.76,100
2025-08-13 18:39:33,Rain,24.76,100
2025-08-13 18:57:53,Rain,23.76,100
2025-08-13 19:23:06,Rain,23.76,100
2025-08-13 19:38:34,Rain,23.76,100
2025-08-13 19:51:29,Rain,23.76,100
2025-08-13 20:18:12,Rain,23.76,100
2025-08-13 20:39:35,Rain,23.76,100
2025-08-13 20:53:29,Rain,23.76,100
2025-08-13 21:19:54,Mist,23.78,100
2025-08-13 21:37:24,Rain,23.76,100
2025-08-13 21:50:08,Rain,23.76,100
2025-08-13 22:13:36,Rain,23.76,100
2025-08-13 22:36:20,Rain,23.76,100
2025-08-13 22:50:10,Rain,23.76,100
2025-08-13 23:13:04,Rain,23.76,100
2025-08-13 23:33:18,Rain,24.76,94
2025-08-13 23:47:16,Rain,24.76,94
2025-08-13 23:59:51,Rain,24.76,94
2025-08-14 02:20:21,Rain,25.95,97
2025-08-14 03:37:37,Clouds,26.76,100
2025-08-14 04:16:46,Clouds,29.2,92
2025-08-14 04:47:49,Clouds,26.76,100
2025-08-14 05:10:33,Clouds,30.09,88
2025-08-14 05:38:16,Clouds,25.76,100
2025-08-14 05:52:15,Clouds,25.76,100
2025-08-14 06:29:10,Clouds,26.76,100
2025-08-14 06:56:15,Clouds,26.76,100
2025-08-14 07:27:39,Clouds,27.76,94
2025-08-14 07:44:26,Clouds,27.76,94
2025-08-14 07:56:50,Clouds,27.76,94
2025-08-14 08:37:34,Clouds,26.76,94
2025-08-14 08:58:24,Clouds,26.76,94
2025-08-14 09:32:29,Clouds,26.76,94
2025-08-14 09:49:51,Clouds,26.76,94
2025-08-14 10:14:31,Clouds,27,88
2025-08-14 10:43:15,Clouds,25.76,100
2025-08-14 10:56:39,Clouds,25.76,100
2025-08-14 11:24:41,Clouds,25.24,94
2025-08-14 11:42:24,Clouds,24.76,100
2025-08-14 11:55:10,Clouds,24.76,100
2025-08-14 12:55:48,Clouds,24.76,100
2025-08-14 13:39:58,Clouds,24.76,100
2025-08-14 13:57:39,Clouds,24.76,100
2025-08-14 14:29:22,Clouds,24.76,100
2025-08-14 14:49:52,Clouds,24.76,100
2025-08-14 15:13:44,Clouds,24.76,100
2025-08-14 15:39:14,Clouds,24.76,100
2025-08-14 15:54:57,Clouds,24.76,100
2025-08-14 16:33:12,Clouds,24.76,100
2025-08-14 16:53:09,Clouds,24.76,100
2025-08-14 17:18:16,Clouds,23.76,100
2025-08-14 17:39:46,Clouds,23.76,100
2025-08-14 17:52:45,Clouds,23.76,100
2025-08-14 18:29:14,Clouds,23.76,100
2025-08-14 18:55:44,Clouds,23.76,100
2025-08-14 19:20:18,Clouds,23.76,100
2025-08-14 19:34:10,Clouds,23.76,100
2025-08-14 19:47:01,Clouds,23.76,100
2025-08-14 19:59:32,Clouds,23.76,100
2025-08-14 20:31:45,Clouds,22.76,100
2025-08-14 20:49:15,Clouds,22.76,100
2025-08-14 21:10:35,Clouds,22.76,100
2025-08-14 21:32:02,Clouds,23.76,100
2025-08-14 21:45:54,Clouds,23.76,100
2025-08-14 21:58:42,Clouds,23.76,100
2025-08-14 22:28:59,Clouds,24.76,100
2025-08-14 22:46:53,Clouds,24.76,100
2025-08-14 22:59:32,Clouds,24.76,100
2025-08-14 23:27:08,Clouds,26.76,100
2025-08-14 23:43:31,Clouds,26.76,100
2025-08-14 23:56:22,Clouds,26.76,100
2025-08-15 02:19:03,Clouds,25.76,100
2025-08-15 03:37:34,Clouds,25.76,94
2025-08-15 04:16:51,Clouds,25.76,100
2025-08-15 04:47:11,Clouds,25.76,100
2025-08-15 05:09:58,Clouds,25.76,100
2025-08-15 05:37:08,Clouds,28.76,84
2025-08-15 05:52:08,Clouds,28.76,84
2025-08-15 06:27:53,Clouds,29.76,84
2025-08-15 06:55:25,Clouds,29.76,84
2025-08-15 07:25:15,Clouds,30.76,79
2025-08-15 07:41:46,Clouds,30.76,79
2025-08-15 07:54:18,Clouds,30.76,79
2025-08-15 08:31:26,Clouds,30.76,79
2025-08-15 08:53:15,Clouds,30.76,79
2025-08-15 09:22:33,Clouds,29.76,79
2025-08-15 09:41:56,Clouds,29.76,79
2025-08-15 09:54:23,Clouds,29.76,79
2025-08-15 10:25:07,Clouds,27.76,100
2025-08-15 10:46:45,Clouds,27.76,100
2025-08-15 10:59:26,Clouds,27.76,100
2025-08-15 11:24:19,Clear,27.46,88
2025-08-15 11:40:05,Clouds,26.76,100
2025-08-15 11:53:04,Clouds,26.76,100
2025-08-15 12:40:11,Clouds,25.76,100
2025-08-15 13:20:33,Clear,25.82,93
2025-08-15 13:45:37,Clouds,25.76,100
2025-08-15 13:58:22,Clouds,25.76,100
2025-08-15 14:28:59,Clouds,25.76,100
2025-08-15 14:48:19,Clouds,25.76,100
2025-08-15 15:09:38,Clouds,25.76,100
2025-08-15 15:33:40,Clouds,24.76,100
2025-08-15 15:49:06,Clouds,24.76,100
2025-08-15 16:13:27,Clouds,24.77,95
2025-08-15 16:43:51,Clouds,24.76,100
2025-08-15 16:58:54,Clouds,24.76,100
2025-08-15 17:27:19,Clouds,24.71,95
2025-08-15 17:44:48,Clouds,24.76,100
2025-08-15 17:57:29,Clouds,24.76,100
2025-08-15 18:40:04,Clouds,24.76,100
2025-08-15 18:58:15,Clouds,24.76,100
2025-08-15 19:22:37,Clouds,24.76,100
2025-08-15 19:37:31,Clouds,24.76,100
2025-08-15 19:50:07,Clouds,24.76,100
2025-08-15 20:14:29,Clouds,24.86,99
2025-08-15 20:37:51,Clouds,24.76,100
2025-08-15 20:51:55,Clouds,24.76,100
2025-08-15 21:13:58,Clouds,24.76,100
2025-08-15 21:31:06,Clouds,24.76,100
2025-08-15 21:44:45,Clouds,24.76,100
2025-08-15 21:57:17,Clouds,24.76,100
2025-08-15 22:27:44,Clouds,25.76,100
2025-08-15 22:46:23,Clouds,25.76,100
2025-08-15 22:59:08,Clouds,25.76,100
2025-08-15 23:26:49,Clouds,27.76,100
2025-08-15 23:43:29,Clouds,27.76,100
2025-08-15 23:56:18,Clouds,27.76,100
2025-08-16 02:06:52,Clouds,29.76,79
2025-08-16 03:20:44,Clouds,29.62,67
2025-08-16 03:56:35,Clouds,30.76,70
2025-08-16 04:33:19,Clouds,31.76,66
2025-08-16 04:51:19,Clouds,31.76,66
2025-08-16 05:15:17,Clouds,30.67,61
2025-08-16 05:37:58,Clouds,31.76,62
2025-08-16 05:50:37,Clouds,31.76,62
2025-08-16 06:19:49,Clouds,31.76,62
2025-08-16 06:47:21,Clouds,31.76,62
2025-08-16 06:59:58,Clouds,31.76,62
2025-08-16 07:25:35,Clouds,31.76,66
2025-08-16 07:41:01,Clouds,31.76,66
2025-08-16 07:53:39,Clouds,31.76,66
2025-08-16 08:48:34,Clouds,30.76,70
2025-08-16 09:09:47,Clouds,30.76,70
2025-08-16 09:31:27,Clouds,29.76,74
2025-08-16 09:45:07,Clouds,29.76,74
2025-08-16 10:27:36,Clouds,28.76,89
2025-08-16 10:45:05,Clouds,28.76,89
2025-08-16 10:57:44,Clouds,28.76,89
2025-08-16 11:21:21,Clouds,26.76,94
2025-08-16 11:36:05,Clouds,26.76,94
2025-08-16 11:48:55,Clouds,26.76,94
2025-08-16 12:18:30,Clouds,26.66,88
2025-08-16 13:00:50,Clouds,26.76,100
2025-08-16 13:33:46,Clouds,26.76,100
2025-08-16 13:47:30,Clouds,26.76,100
2025-08-16 14:00:19,Clouds,26.76,100
2025-08-16 14:27:04,Clouds,25.76,100
2025-08-16 14:44:11,Clouds,25.76,100
2025-08-16 14:56:41,Clouds,25.76,100
2025-08-16 15:25:49,Clouds,24.76,100
2025-08-16 15:42:28,Clouds,24.76,100
2025-08-16 15:55:13,Clouds,24.76,100
2025-08-16 16:29:10,Clouds,25.76,100
2025-08-16 16:48:25,Clouds,25.76,100
2025-08-16 17:07:22,Clouds,25.76,100
2025-08-16 17:29:27,Clouds,25.76,100
2025-08-16 17:43:13,Clouds,25.76,100
2025-08-16 17:55:46,Clouds,25.76,100
2025-08-16 18:34:31,Clouds,24.76,100
2025-08-16 18:52:18,Clouds,24.76,100
2025-08-16 19:13:34,Clouds,24.76,100
2025-08-16 19:28:16,Clouds,24.76,100
2025-08-16 19:40:52,Clouds,24.76,100
2025-08-16 19:53:42,Clouds,24.76,100
2025-08-16 20:21:34,Clouds,24.76,100
2025-08-16 20:39:15,Clouds,24.76,100
2025-08-16 20:52:00,Clouds,24.76,100
2025-08-16 21:15:25,Clouds,24.66,97
2025-08-16 21:31:47,Clouds,24.76,100
2025-08-16 21:44:29,Clouds,24.76,100
2025-08-16 21:57:13,Clouds,24.76,100
2025-08-16 22:26:19,Clouds,25.05,96
2025-08-16 22:44:03,Clouds,25.76,100
2025-08-16 22:56:50,Clouds,25.76,100
2025-08-16 23:24:31,Clouds,26.76,100
2025-08-16 23:40:40,Clouds,26.76,100
2025-08-16 23:53:23,Clouds,26.76,100
2025-08-17 01:53:25,Clouds,28.76,84
2025-08-17 03:26:15,Clouds,31.15,67
2025-08-17 04:08:43,Clouds,30.76,70
2025-08-17 04:46:05,Clouds,30.76,62
2025-08-17 05:01:09,Clouds,30.76,62
2025-08-17 05:31:28,Clouds,31.76,62
2025-08-17 05:48:02,Clouds,31.76,62
2025-08-17 06:12:21,Clouds,31.76,62
2025-08-17 06:45:48,Clouds,29.76,74
2025-08-17 06:59:26,Clouds,29.76,74
2025-08-17 07:26:13,Clouds,30.76,66
2025-08-17 07:41:56,Clouds,30.76,66
2025-08-17 07:54:28,Clouds,30.76,66
2025-08-17 08:29:55,Clouds,29.76,70
2025-08-17 08:50:09,Clouds,29.76,70
2025-08-17 09:13:02,Clouds,30.4,71
2025-08-17 09:32:42,Clouds,29.76,70
2025-08-17 09:45:43,Clouds,29.76,70
2025-08-17 09:58:21,Clouds,29.76,70
2025-08-17 10:29:30,Clouds,28.76,84
2025-08-17 10:46:52,Clouds,28.76,84
2025-08-17 10:59:29,Clouds,28.76,84
2025-08-17 11:22:52,Clouds,27.76,94
2025-08-17 11:37:30,Clouds,27.76,94
2025-08-17 11:49:57,Clouds,27.76,94
2025-08-17 12:23:53,Clouds,27.83,83
2025-08-17 13:05:01,Clouds,26.76,100
2025-08-17 13:37:06,Clouds,26.76,100
2025-08-17 13:50:50,Clouds,26.76,100
2025-08-17 14:13:01,Clouds,26.76,100
2025-08-17 14:35:30,Clouds,26.76,100
2025-08-17 14:49:02,Clouds,26.76,100
2025-08-17 15:09:38,Clouds,26.76,100
2025-08-17 15:31:38,Clouds,26.76,100
2025-08-17 15:45:42,Clouds,26.76,100
2025-08-17 15:58:12,Clouds,26.76,100
2025-08-17 16:33:04,Clouds,26.76,100
2025-08-17 16:51:46,Clouds,26.76,100
2025-08-17 17:14:10,Clouds,25.94,94
2025-08-17 17:34:51,Rain,26.76,100
2025-08-17 17:48:13,Clouds,26.76,100
2025-08-17 18:11:41,Clouds,25.69,95
2025-08-17 18:43:53,Clouds,26.76,100
2025-08-17 18:57:50,Clouds,26.76,100
2025-08-17 19:21:49,Clouds,26.76,100
2025-08-17 19:36:19,Clouds,26.76,100
2025-08-17 19:49:02,Clouds,26.76,100
2025-08-17 20:11:38,Rain,26.76,100
2025-08-17 20:34:40,Rain,26.76,100
2025-08-17 20:49:28,Clouds,26.76,100
2025-08-17 21:10:10,Clouds,25.65,97
2025-08-17 21:30:37,Clouds,26.76,100
2025-08-17 21:44:34,Clouds,26.76,100
2025-08-17 21:57:01,Clouds,26.76,100
2025-08-17 22:26:53,Clouds,26.76,100
2025-08-17 22:45:47,Clouds,26.76,100
2025-08-17 22:58:18,Clouds,26.76,100
2025-08-17 23:26:12,Clouds,26.76,100
2025-08-17 23:43:36,Clouds,26.76,100
2025-08-17 23:56:11,Clouds,26.76,100
2025-08-18 02:24:52,Clouds,28.94,80
2025-08-18 03:49:15,Clouds,30.76,70
2025-08-18 04:30:46,Clouds,30.76,70
2025-08-18 04:59:38,Clouds,30.76,70
2025-08-18 05:34:35,Clouds,31.76,62
2025-08-18 05:52:05,Clouds,31.76,62
2025-08-18 06:30:26,Clouds,32.76,58
2025-08-18 06:58:04,Clouds,32.76,58
2025-08-18 07:30:23,Clouds,31.76,62
2025-08-18 07:46:51,Clouds,31.76,62
2025-08-18 07:59:15,Clouds,31.76,62
2025-08-18 08:39:27,Clouds,29.76,70
2025-08-18 08:59:41,Clouds,29.76,70
2025-08-18 09:35:18,Clouds,29.76,79
2025-08-18 09:52:30,Clouds,29.76,79
2025-08-18 10:21:52,Rain,27.76,94
2025-08-18 10:47:22,Rain,27.76,94
2025-08-18 11:00:02,Rain,27.76,94
2025-08-18 11:26:05,Rain,27.76,100
2025-08-18 11:44:01,Rain,27.76,100
2025-08-18 11:56:43,Rain,27.76,100
2025-08-18 12:59:27,Rain,27.76,100
2025-08-18 13:44:20,Rain,26.76,100
2025-08-18 13:59:56,Rain,26.76,100
2025-08-18 14:33:08,Clouds,26.76,100
2025-08-18 14:52:42,Clouds,26.76,100
2025-08-18 15:21:18,Clouds,26.55,95
2025-08-18 15:43:17,Clouds,26.76,100
2025-08-18 15:57:13,Clouds,26.76,100
2025-08-18 16:36:06,Clouds,26.76,100
2025-08-18 16:57:02,Clouds,26.76,100
2025-08-18 17:27:51,Clouds,26.76,100
2025-08-18 17:46:36,Clouds,26.76,100
2025-08-18 17:59:08,Clouds,26.76,100
2025-08-18 18:42:16,Clouds,26.76,100
2025-08-18 19:00:19,Clouds,26.76,100
2025-08-18 19:25:40,Clouds,26.76,100
2025-08-18 19:41:53,Clouds,26.76,100
2025-08-18 19:54:35,Clouds,26.76,100
2025-08-18 20:24:55,Clouds,26.76,100
2025-08-18 20:42:47,Clouds,26.76,100
2025-08-18 20:55:32,Clouds,26.76,100
2025-08-18 21:22:37,Clouds,25.76,100
2025-08-18 21:38:39,Clouds,25.76,100
2025-08-18 21:51:08,Clouds,25.76,100
2025-08-18 22:13:30,Clouds,26.01,97
2025-08-18 22:34:31,Clouds,26.76,100
2025-08-18 22:47:13,Clouds,26.76,100
2025-08-18 22:59:45,Clouds,26.76,100
2025-08-18 23:26:02,Clouds,26.87,95
2025-08-18 23:42:20,Clouds,27.76,100
2025-08-18 23:55:09,Clouds,27.76,100
2025-08-19 01:58:28,Clouds,29.76,84
2025-08-19 03:14:54,Clouds,30.76,79
2025-08-19 03:50:33,Clouds,31.76,70
2025-08-19 04:17:20,Clouds,30.76,74
2025-08-19 04:40:49,Clouds,30.76,74
2025-08-19 04:54:25,Clouds,30.76,74
2025-08-19 05:22:39,Clouds,31.76,66
2025-08-19 05:41:44,Clouds,31.76,66
2025-08-19 05:54:29,Clouds,31.76,66
2025-08-19 06:35:04,Clouds,29.76,79
2025-08-19 06:54:55,Clouds,29.76,79
2025-08-19 07:23:13,Clouds,29.76,79
2025-08-19 07:39:43,Clouds,29.76,79
2025-08-19 07:52:37,Clouds,29.76,79
2025-08-19 08:25:32,Clouds,30.76,74
2025-08-19 08:50:04,Clouds,30.76,74
2025-08-19 09:13:59,Clouds,29.76,79
2025-08-19 09:35:46,Clouds,29.76,79
2025-08-19 09:49:26,Clouds,29.76,79
2025-08-19 10:12:38,Clouds,29.76,79
2025-08-19 10:40:07,Clouds,28.76,89
2025-08-19 10:53:19,Clouds,28.76,89
2025-08-19 11:17:10,Clouds,28.93,78
2025-08-19 11:31:02,Clouds,27.76,89
2025-08-19 11:43:54,Clouds,27.76,89
2025-08-19 11:56:46,Clouds,27.76,89
2025-08-19 12:53:09,Clouds,27.76,94
2025-08-19 13:30:21,Clouds,27.76,100
2025-08-19 13:49:04,Clouds,27.76,100
2025-08-19 14:10:50,Clouds,27.76,100
2025-08-19 14:37:39,Clouds,26.76,100
2025-08-19 14:52:34,Clouds,26.76,100
2025-08-19 15:20:01,Clouds,26.76,100
2025-08-19 15:39:56,Clouds,26.76,100
2025-08-19 15:52:56,Clouds,26.76,100
2025-08-19 16:24:57,Clouds,26.22,95
2025-08-19 16:48:36,Clouds,26.76,100
2025-08-19 17:08:55,Clouds,26.76,100
2025-08-19 17:32:04,Clouds,26.76,100
2025-08-19 17:45:32,Clouds,26.76,100
2025-08-19 17:57:58,Clouds,26.76,100
2025-08-19 18:36:32,Clouds,26.76,100
2025-08-19 18:54:33,Clouds,26.76,100
2025-08-19 19:18:10,Clouds,25.54,97
2025-08-19 19:30:53,Clouds,25.76,100
2025-08-19 19:43:31,Clouds,25.76,100
2025-08-19 19:56:05,Clouds,25.76,100
2025-08-19 20:27:41,Clouds,25.76,100
2025-08-19 20:43:57,Clouds,25.76,100
2025-08-19 20:56:50,Clouds,25.76,100
2025-08-19 21:24:25,Clouds,25.1,95
2025-08-19 21:39:58,Clouds,25.76,100
2025-08-19 21:52:46,Clouds,25.76,100
2025-08-19 22:17:50,Clouds,26.21,95
2025-08-19 22:38:18,Clouds,27.76,100
2025-08-19 22:50:47,Clouds,27.76,100
2025-08-19 23:13:05,Clouds,27.76,100
2025-08-19 23:31:15,Clouds,27.76,100
2025-08-19 23:44:47,Clouds,27.76,100
2025-08-19 23:57:23,Clouds,27.76,100
2025-08-20 02:04:01,Clouds,30.76,79
2025-08-20 03:14:54,Clouds,31.76,66
2025-08-20 03:49:17,Clouds,31.76,66
2025-08-20 04:14:45,Clouds,31.76,61
2025-08-20 04:40:29,Clouds,31.76,66
2025-08-20 04:54:26,Clouds,31.76,66
2025-08-20 05:22:52,Clouds,31.78,62
2025-08-20 05:42:02,Clouds,31.76,62
2025-08-20 05:54:54,Clouds,31.76,62
2025-08-20 06:36:35,Clouds,31.76,62
2025-08-20 06:56:21,Clouds,31.76,62
2025-08-20 07:25:37,Clouds,30.76,70
2025-08-20 07:42:38,Clouds,30.76,70
2025-08-20 07:55:19,Clouds,30.76,70
2025-08-20 08:33:03,Clouds,29.76,79
2025-08-20 08:51:35,Clouds,29.76,79
2025-08-20 09:17:52,Clouds,28.76,84
2025-08-20 09:38:31,Clouds,28.76,84
2025-08-20 09:51:22,Clouds,28.76,84
2025-08-20 10:16:45,Clouds,29.77,69
2025-08-20 10:41:03,Clouds,28.76,89
2025-08-20 10:53:55,Clouds,28.76,89
2025-08-20 11:18:27,Clouds,27.76,94
2025-08-20 11:32:59,Clouds,27.76,94
2025-08-20 11:45:53,Clouds,27.76,94
2025-08-20 11:58:33,Clouds,27.76,94
2025-08-20 12:56:26,Clouds,27.76,100
2025-08-20 13:36:01,Clouds,27.76,100
2025-08-20 13:52:18,Clouds,27.76,100
2025-08-20 14:18:52,Clouds,27.76,100
2025-08-20 14:41:39,Clouds,27.76,100
2025-08-20 14:54:53,Clouds,27.76,100
2025-08-20 15:26:02,Clouds,26.63,81
2025-08-20 15:44:26,Clouds,27.76,100
2025-08-20 15:57:04,Clouds,27.76,100
2025-08-20 16:32:23,Clouds,26.76,100
2025-08-20 16:52:04,Clouds,26.76,100
2025-08-20 17:15:03,Clouds,25.94,84
2025-08-20 17:35:20,Clouds,26.76,100
2025-08-20 17:48:11,Clouds,26.76,100
2025-08-20 18:12:19,Clouds,25.75,86
2025-08-20 18:44:55,Clouds,26.76,100
2025-08-20 18:58:35,Clouds,26.76,100
2025-08-20 19:22:20,Clouds,25.76,100
2025-08-20 19:36:29,Clouds,25.76,100
2025-08-20 19:49:33,Clouds,25.76,100
2025-08-20 20:13:00,Clouds,26.16,94
2025-08-20 20:36:23,Clouds,25.76,100
2025-08-20 20:51:02,Clouds,25.76,100
2025-08-20 21:13:29,Clouds,26.77,94
2025-08-20 21:31:58,Clouds,26.76,100
2025-08-20 21:44:48,Clouds,26.76,100
2025-08-20 21:57:32,Clouds,26.76,100
2025-08-20 22:25:18,Clouds,27.76,100
2025-08-20 22:42:38,Clouds,27.76,100
2025-08-20 22:55:10,Clouds,27.76,100
2025-08-20 23:22:16,Clouds,28.76,94
2025-08-20 23:37:16,Clouds,28.76,94
2025-08-20 23:50:05,Clouds,28.76,94
2025-08-21 00:58:43,Clouds,29.76,89
2025-08-21 02:43:17,Clouds,31.76,66
2025-08-21 03:32:00,Clouds,31.76,62
2025-08-21 03:56:33,Clouds,31.76,62
2025-08-21 04:31:13,Clouds,33.76,55
2025-08-21 04:48:28,Clouds,33.76,55
2025-08-21 05:10:11,Clouds,33.76,55
2025-08-21 05:34:23,Clouds,32.76,58
2025-08-21 05:48:12,Clouds,32.76,58
2025-08-21 06:17:13,Clouds,33.78,54
2025-08-21 06:54:45,Clouds,32.76,52
2025-08-21 07:25:00,Clouds,31.76,70
2025-08-21 07:41:11,Clouds,31.76,70
2025-08-21 07:53:37,Clouds,31.76,70
2025-08-21 08:28:10,Clouds,31.76,66
2025-08-21 08:50:11,Clouds,31.76,66
2025-08-21 09:14:14,Clouds,31.76,66
2025-08-21 09:36:39,Clear,29.76,74
2025-08-21 09:49:53,Clear,29.76,74
2025-08-21 10:13:22,Clouds,29.92,72
2025-08-21 10:39:45,Clear,28.76,84
2025-08-21 10:53:01,Clear,28.76,84
2025-08-21 11:16:49,Clouds,29.24,73
2025-08-21 11:31:05,Clear,27.76,89
2025-08-21 11:43:54,Clear,27.76,89
2025-08-21 11:56:30,Clear,27.76,89
2025-08-21 12:54:38,Clear,26.76,100
2025-08-21 13:33:12,Clear,26.76,100
2025-08-21 13:50:13,Clear,26.76,100
2025-08-21 14:14:00,Clouds,27.51,91
2025-08-21 14:39:40,Clear,25.76,100
2025-08-21 14:53:21,Clear,25.76,100
2025-08-21 15:21:51,Clouds,27.17,84
2025-08-21 15:41:06,Clear,25.76,100
2025-08-21 15:58:49,Clear,25.76,100
2025-08-21 16:36:39,Clear,25.76,100
2025-08-21 16:49:25,Clear,25.76,100
2025-08-21 17:10:13,Clear,24.76,100
2025-08-21 17:32:27,Clear,24.76,100
2025-08-21 17:46:23,Clear,24.76,100
2025-08-21 17:59:02,Clear,24.76,100
2025-08-21 18:37:00,Clear,24.76,100
2025-08-21 18:54:46,Clear,24.76,100
2025-08-21 19:18:14,Clouds,25.74,89
2025-08-21 19:30:55,Clear,24.76,100
2025-08-21 19:43:44,Clear,24.76,100
2025-08-21 19:56:17,Clear,24.76,100
2025-08-21 20:28:02,Clouds,24.76,100
2025-08-21 20:44:54,Clouds,24.76,100
2025-08-21 20:57:41,Clouds,24.76,100
2025-08-21 21:24:19,Clouds,25.8,95
2025-08-21 21:40:13,Clouds,24.76,100
2025-08-21 21:52:57,Clouds,24.76,100
2025-08-21 22:18:58,Clouds,26.29,94
2025-08-21 22:38:44,Clouds,26.76,100
2025-08-21 22:51:12,Clouds,26.76,100
2025-08-21 23:14:09,Clouds,28.76,89
2025-08-21 23:31:39,Clouds,28.76,89
2025-08-21 23:44:27,Clouds,28.76,89
2025-08-21 23:57:08,Clouds,28.76,89
2025-08-22 02:03:39,Clouds,30.76,70
2025-08-22 03:14:31,Clouds,30.76,66
2025-08-22 03:49:19,Clouds,32.76,58
2025-08-22 04:13:42,Clear,32.86,57
2025-08-22 04:39:15,Clouds,32.76,58
2025-08-22 04:53:04,Clouds,32.76,58
2025-08-22 05:19:27,Clear,32.9,56
2025-08-22 05:39:31,Clouds,32.76,58
2025-08-22 05:52:06,Clouds,32.76,58
2025-08-22 06:26:31,Clouds,32.76,58
2025-08-22 06:52:33,Clouds,32.76,58
2025-08-22 07:16:51,Clouds,34.17,52
2025-08-22 07:33:05,Clouds,32.76,58
2025-08-22 07:45:59,Clouds,32.76,58
2025-08-22 07:58:18,Clouds,32.76,58
2025-08-22 08:34:46,Clouds,30.76,74
2025-08-22 08:53:23,Clouds,30.76,74
2025-08-22 09:21:44,Clouds,31.91,60
2025-08-22 09:40:25,Clouds,29.76,79
2025-08-22 09:53:03,Clouds,29.76,79
2025-08-22 10:20:20,Clouds,30.26,63
2025-08-22 10:41:51,Clouds,28.76,89
2025-08-22 10:54:40,Clouds,28.76,89
2025-08-22 11:18:52,Clouds,27.76,100
2025-08-22 11:32:54,Clouds,27.76,100
2025-08-22 11:45:16,Clouds,27.76,100
2025-08-22 11:58:05,Clouds,27.76,100
2025-08-22 12:53:57,Clouds,26.76,100
2025-08-22 13:30:20,Clouds,26.76,100
2025-08-22 13:47:41,Clouds,26.76,100
2025-08-22 14:00:23,Clouds,26.76,100
2025-08-22 14:29:25,Clouds,26.76,100
2025-08-22 14:46:21,Clouds,26.76,100
2025-08-22 14:58:50,Clouds,26.76,100
2025-08-22 15:27:30,Clouds,26.76,94
2025-08-22 15:43:29,Clouds,26.76,94
2025-08-22 15:55:59,Clouds,26.76,94
2025-08-22 16:32:13,Clouds,25.76,100
2025-08-22 16:51:27,Clouds,25.76,100
2025-08-22 17:14:01,Clouds,25.76,100
2025-08-22 17:34:49,Clouds,25.76,100
2025-08-22 17:47:42,Clouds,25.76,100
2025-08-22 18:00:01,Clouds,25.76,100
2025-08-22 18:37:50,Clouds,26.76,100
2025-08-22 18:54:23,Clouds,26.76,100
2025-08-22 19:18:14,Clouds,25.26,93
2025-08-22 19:30:58,Clouds,25.76,100
2025-08-22 19:43:43,Clouds,25.76,100
2025-08-22 19:56:08,Clouds,25.76,100
2025-08-22 20:28:13,Clouds,25.76,100
2025-08-22 20:44:26,Clouds,25.76,100
2025-08-22 20:56:56,Clouds,25.76,100
2025-08-22 21:23:29,Clouds,25.76,100
2025-08-22 21:38:32,Clouds,25.76,100
2025-08-22 21:51:20,Clouds,25.76,100
2025-08-22 22:14:10,Clouds,25.76,100
2025-08-22 22:35:30,Clouds,26.76,100
2025-08-22 22:48:04,Clouds,26.76,100
2025-08-22 23:08:16,Clouds,26.76,100
2025-08-22 23:28:04,Clouds,28.76,94
2025-08-22 23:41:45,Clouds,28.76,94
2025-08-22 23:54:18,Clouds,28.76,94
2025-08-23 01:45:06,Clouds,29.76,84
2025-08-23 02:55:57,Clouds,30.76,79
2025-08-23 03:37:59,Clouds,31.76,70
2025-08-23 03:54:20,Clouds,31.76,70
2025-08-23 04:25:55,Clouds,30.76,79
2025-08-23 04:45:04,Clouds,30.76,79
2025-08-23 04:57:56,Clouds,30.76,79
2025-08-23 05:25:34,Clouds,32.63,71
2025-08-23 05:41:59,Clouds,29.76,84
2025-08-23 05:54:29,Clouds,29.76,84
2025-08-23 06:31:00,Clouds,30.76,79
2025-08-23 06:50:00,Clouds,30.76,79
2025-08-23 07:11:14,Clouds,32.96,69
2025-08-23 07:28:40,Clouds,32.96,69
2025-08-23 07:41:38,Clear,31.76,74
2025-08-23 07:54:06,Clear,31.76,74
2025-08-23 08:25:57,Clouds,33.12,68
2025-08-23 08:45:31,Clouds,31.76,74
2025-08-23 08:58:16,Clouds,31.76,74
2025-08-23 09:25:14,Clouds,31.96,72
2025-08-23 09:40:21,Clouds,30.76,79
2025-08-23 09:53:07,Clouds,30.76,79
2025-08-23 10:18:30,Clouds,30.72,75
2025-08-23 10:38:15,Clouds,28.76,89
2025-08-23 10:50:53,Clouds,28.76,89
2025-08-23 11:10:44,Clouds,28.76,89
2025-08-23 11:26:41,Clear,27.76,94
2025-08-23 11:40:13,Clear,27.76,94
2025-08-23 11:52:55,Clear,27.76,94
2025-08-23 12:35:54,Clouds,27.76,100
2025-08-23 13:05:18,Clouds,27.76,100
2025-08-23 13:32:28,Clouds,27.76,100
2025-08-23 13:45:09,Clouds,27.76,100
2025-08-23 13:57:39,Clouds,27.76,100
2025-08-23 14:24:14,Clouds,26.76,100
2025-08-23 14:39:54,Clouds,26.76,100
2025-08-23 14:52:40,Clouds,26.76,100
2025-08-23 15:16:27,Clear,27.29,88
2025-08-23 15:31:37,Clear,25.76,100
2025-08-23 15:44:28,Clear,25.76,100
2025-08-23 15:56:51,Clear,25.76,100
2025-08-23 16:28:57,Clear,25.76,100
2025-08-23 16:45:55,Clear,25.76,100
2025-08-23 16:58:17,Clear,25.76,100
2025-08-23 17:21:56,Clear,25.76,100
2025-08-23 17:37:07,Clear,25.76,100
2025-08-23 17:49:53,Clear,25.76,100
2025-08-23 18:15:06,Clear,26.86,90
2025-08-23 18:41:13,Clouds,25.76,94
2025-08-23 18:54:05,Clouds,25.76,94
2025-08-23 19:15:37,Clear,25.98,95
2025-08-23 19:28:22,Clouds,24.76,100
2025-08-23 19:40:40,Clouds,24.76,100
2025-08-23 19:53:10,Clouds,24.76,100
2025-08-23 20:19:42,Clear,26.23,95
2025-08-23 20:36:31,Clouds,24.76,100
2025-08-23 20:49:13,Clouds,24.76,100
2025-08-23 21:08:55,Clouds,24.76,100
2025-08-23 21:27:33,Clouds,24.76,100
2025-08-23 21:40:32,Clouds,24.76,100
2025-08-23 21:53:01,Clouds,24.76,100
2025-08-23 22:16:44,Clear,26.29,95
2025-08-23 22:36:15,Clouds,26.76,100
2025-08-23 22:49:02,Clouds,26.76,100
2025-08-23 23:09:27,Clouds,26.76,100
2025-08-23 23:28:44,Clouds,27.76,100
2025-08-23 23:42:21,Clouds,27.76,100
2025-08-23 23:55:00,Clouds,27.76,100
2025-08-24 02:05:48,Clouds,30.76,79
2025-08-24 03:31:09,Clouds,31.76,66
2025-08-24 04:01:54,Clouds,31.76,66
2025-08-24 04:35:50,Clouds,32.76,62
2025-08-24 04:51:55,Clouds,32.76,62
2025-08-24 05:16:23,Clouds,32.2,56
2025-08-24 05:37:24,Clouds,33.76,59
2025-08-24 05:50:05,Clouds,33.76,59
2025-08-24 06:18:06,Clouds,32.22,55
2025-08-24 06:44:55,Clouds,34.76,46
2025-08-24 06:57:38,Clouds,34.76,46
2025-08-24 07:24:07,Clear,32.85,48
2025-08-24 07:38:36,Clouds,33.76,52
2025-08-24 07:51:18,Clouds,33.76,52
2025-08-24 08:18:12,Clear,32.8,54
2025-08-24 08:39:21,Clouds,32.76,58
2025-08-24 08:52:12,Clouds,32.76,58
2025-08-24 09:16:18,Clouds,32.76,58
2025-08-24 09:32:38,Clouds,30.76,70
2025-08-24 09:45:23,Clouds,30.76,70
2025-08-24 09:57:55,Clouds,30.76,70
2025-08-24 10:27:00,Clear,30.31,66
2025-08-24 10:43:33,Clouds,28.76,89
2025-08-24 10:55:54,Clouds,28.76,89
2025-08-24 11:19:27,Clear,28.92,80
2025-08-24 11:33:31,Clear,27.76,89
2025-08-24 11:46:10,Clear,27.76,89
2025-08-24 11:58:45,Clear,27.76,89
2025-08-24 12:51:17,Clear,26.76,100
2025-08-24 13:22:14,Clear,26.76,100
2025-08-24 13:40:55,Clear,26.76,100
2025-08-24 13:53:23,Clear,26.76,100
2025-08-24 14:16:50,Clouds,28.2,84
2025-08-24 14:35:14,Clear,26.76,100
2025-08-24 14:48:02,Clear,26.76,100
2025-08-24 15:07:12,Clear,26.76,100
2025-08-24 15:28:44,Clear,25.76,100
2025-08-24 15:42:31,Clear,25.76,100
2025-08-24 15:55:25,Clear,25.76,100
2025-08-24 16:28:37,Clouds,25.76,100
2025-08-24 16:47:05,Clouds,25.76,100
2025-08-24 16:59:51,Clouds,25.76,100
2025-08-24 17:24:18,Clouds,26.76,100
2025-08-24 17:40:11,Clouds,26.76,100
2025-08-24 17:52:49,Clouds,26.76,100
2025-08-24 18:25:01,Clouds,25.76,100
2025-08-24 18:47:22,Clouds,25.76,100
2025-08-24 18:59:44,Clouds,25.76,100
2025-08-24 19:20:57,Clouds,25.76,100
2025-08-24 19:35:34,Clouds,25.76,100
2025-08-24 19:48:15,Clouds,25.76,100
2025-08-24 20:08:48,Clouds,25.76,100
2025-08-24 20:31:23,Clouds,25.76,100
2025-08-24 20:45:09,Clouds,25.76,100
2025-08-24 20:57:46,Clouds,25.76,100
2025-08-24 21:23:26,Clouds,26.76,100
2025-08-24 21:38:07,Clouds,26.76,100
2025-08-24 21:50:41,Clouds,26.76,100
2025-08-24 22:12:49,Clouds,26.45,93
2025-08-24 22:34:48,Clouds,27.76,100
2025-08-24 22:47:43,Rain,27.76,100
2025-08-24 23:00:29,Rain,27.76,100
2025-08-24 23:25:38,Rain,25.76,100
2025-08-24 23:41:48,Clouds,24.76,100
2025-08-24 23:54:17,Clouds,24.76,100
2025-08-25 01:53:24,Clouds,26.76,100
2025-08-25 03:15:34,Clouds,31.38,71
2025-08-25 03:56:16,Clouds,30.76,84
2025-08-25 04:34:14,Clouds,32.76,70
2025-08-25 04:53:11,Clouds,32.76,70
2025-08-25 05:20:45,Clouds,33.81,60
2025-08-25 05:41:44,Clouds,32.76,70
2025-08-25 05:54:12,Clouds,32.76,70
2025-08-25 06:35:43,Clouds,31.76,74
2025-08-25 06:57:00,Clouds,31.76,74
2025-08-25 07:26:36,Clouds,31.76,70
2025-08-25 07:42:39,Clouds,31.76,70
2025-08-25 07:55:26,Clouds,31.76,70
2025-08-25 08:35:42,Clouds,30.76,84
2025-08-25 08:56:15,Clouds,30.76,84
2025-08-25 09:29:51,Clouds,30.76,79
2025-08-25 09:46:57,Clouds,30.76,79
2025-08-25 09:59:29,Clouds,30.76,79
2025-08-25 10:32:18,Clouds,29.76,84
2025-08-25 10:49:13,Clouds,29.76,84
2025-08-25 11:09:42,Clouds,29.76,84
2025-08-25 11:28:21,Clouds,28.76,94
2025-08-25 11:42:58,Clouds,28.76,94
2025-08-25 11:55:36,Clouds,28.76,94
2025-08-25 12:54:42,Clouds,28.76,94
2025-08-25 13:33:24,Clouds,28.76,94
2025-08-25 13:50:50,Clouds,28.76,94
2025-08-25 14:14:51,Clouds,28.76,94
2025-08-25 14:40:14,Clouds,28.76,100
2025-08-25 14:53:37,Rain,28.76,100
2025-08-25 15:22:50,Thunderstorm,28.78,84
2025-08-25 15:42:05,Thunderstorm,27.76,100
2025-08-25 15:54:32,Thunderstorm,27.76,100
2025-08-25 16:29:17,Rain,27.76,94
2025-08-25 16:51:16,Rain,27.76,94
2025-08-25 17:12:16,Rain,25.6,94
2025-08-25 17:32:04,Rain,26.76,100
2025-08-25 17:45:17,Rain,26.76,100
2025-08-25 17:57:53,Rain,26.76,100
2025-08-25 18:38:28,Rain,25.76,100
2025-08-25 18:55:46,Thunderstorm,25.76,100
2025-08-25 19:20:38,Thunderstorm,25.76,100
2025-08-25 19:35:24,Thunderstorm,24.76,100
2025-08-25 19:48:12,Rain,24.76,100
2025-08-25 20:09:48,Rain,24.76,100
2025-08-25 20:33:16,Rain,24.76,100
2025-08-25 20:47:50,Rain,24.76,100
2025-08-25 21:00:41,Rain,24.76,100
2025-08-25 21:25:57,Rain,25.2,97
2025-08-25 21:42:05,Rain,25.76,100
2025-08-25 21:54:48,Rain,25.76,100
2025-08-25 22:22:42,Clouds,25.76,100
2025-08-25 22:40:59,Mist,25.76,100
2025-08-25 22:53:38,Mist,25.76,100
2025-08-25 23:19:32,Mist,25.78,94
2025-08-25 23:35:56,Rain,26.76,100
2025-08-25 23:48:30,Rain,26.76,100
2025-08-26 00:44:49,Mist,26.76,100
2025-08-26 02:23:40,Clouds,27.36,90
2025-08-26 03:29:12,Clouds,29.76,74
2025-08-26 03:56:35,Clouds,29.76,74
2025-08-26 04:31:46,Clouds,30.76,66
2025-08-26 04:49:11,Clouds,30.76,66
2025-08-26 05:11:56,Clouds,30.76,66
2025-08-26 05:35:37,Clouds,30.76,66
2025-08-26 05:49:30,Clouds,30.76,66
2025-08-26 06:18:19,Clouds,30.14,62
2025-08-26 06:48:33,Clouds,31.76,62
2025-08-26 07:10:36,Clouds,31.34,62
2025-08-26 07:31:20,Clouds,30.76,70
2025-08-26 07:44:55,Clouds,30.76,70
2025-08-26 07:57:26,Clouds,30.76,70
2025-08-26 08:36:17,Clouds,29.76,74
2025-08-26 08:56:19,Clouds,29.76,74
2025-08-26 09:29:08,Clouds,28.76,79
2025-08-26 09:46:40,Clouds,28.76,79
2025-08-26 09:59:25,Clouds,28.76,79
2025-08-26 10:32:10,Clouds,27.76,94
2025-08-26 10:49:29,Clouds,27.76,94
2025-08-26 11:10:52,Clouds,27.5,83
2025-08-26 11:29:30,Clear,26.76,89
2025-08-26 11:43:23,Clear,26.76,89
2025-08-26 11:56:03,Clear,26.76,89
2025-08-26 12:56:59,Clear,25.76,94
2025-08-26 13:38:12,Clouds,24.76,100
2025-08-26 13:52:47,Clouds,24.76,100
2025-08-26 14:17:54,Clear,25.78,89
2025-08-26 14:39:15,Clouds,24.76,100
2025-08-26 14:52:04,Clouds,24.76,100
2025-08-26 15:18:37,Clouds,24.76,94
2025-08-26 15:38:14,Clouds,24.76,94
2025-08-26 15:51:07,Clouds,24.76,94
2025-08-26 16:18:31,Clouds,24.65,90
2025-08-26 16:43:06,Clouds,23.76,100
2025-08-26 16:56:44,Clouds,23.76,100
2025-08-26 17:23:51,Clouds,24.25,94
2025-08-26 17:41:07,Clear,22.76,100
2025-08-26 17:53:55,Clear,22.76,100
2025-08-26 18:30:14,Clear,22.76,100
2025-08-26 18:50:51,Clear,22.76,100
2025-08-26 19:11:02,Clear,22.76,100
2025-08-26 19:25:53,Clear,22.76,100
2025-08-26 19:39:53,Clear,22.76,100
2025-08-26 19:52:42,Clear,22.76,100
2025-08-26 20:20:06,Clear,21.76,100
2025-08-26 20:38:12,Clear,21.76,100
2025-08-26 20:50:58,Clear,21.76,100
2025-08-26 21:13:05,Clear,21.76,100
2025-08-26 21:30:06,Clear,21.76,100
2025-08-26 21:42:47,Clear,21.76,100
2025-08-26 21:55:17,Clear,21.76,100
2025-08-26 22:23:04,Clear,23.76,100
2025-08-26 22:40:33,Clear,23.76,100
2025-08-26 22:53:19,Clear,23.76,100
2025-08-26 23:17:40,Clouds,25.76,94
2025-08-26 23:31:10,Clouds,25.76,94
2025-08-26 23:44:02,Clouds,25.76,94
2025-08-26 23:56:36,Clouds,25.76,94
2025-08-27 02:00:12,Clouds,29.76,70
2025-08-27 03:08:23,Clouds,29.76,66
2025-08-27 03:43:24,Clouds,30.76,55
2025-08-27 03:56:06,Clouds,30.76,55
2025-08-27 04:30:26,Clouds,31.76,55
2025-08-27 04:46:40,Clouds,31.76,55
2025-08-27 04:59:02,Clouds,31.76,55
2025-08-27 05:26:51,Clear,31.76,51
2025-08-27 05:43:38,Clear,31.76,51
2025-08-27 05:56:11,Clear,31.76,51
2025-08-27 06:36:51,Clear,31.76,51
2025-08-27 06:53:37,Clear,31.76,51
2025-08-27 07:19:16,Clouds,32.17,49
2025-08-27 07:34:35,Clear,30.76,58
2025-08-27 07:47:39,Clear,30.76,58
2025-08-27 08:00:05,Clear,30.76,58
2025-08-27 08:34:56,Clear,28.76,65
2025-08-27 08:52:51,Clear,28.76,65
2025-08-27 09:19:55,Clouds,30.11,56
2025-08-27 09:38:23,Clouds,27.76,65
2025-08-27 09:51:02,Clouds,27.76,65
2025-08-27 10:14:53,Clouds,28.94,64
2025-08-27 10:38:17,Clear,25.76,78
2025-08-27 10:51:22,Clear,25.76,78
2025-08-27 11:12:37,Clouds,28.05,74
2025-08-27 11:28:31,Clear,25.76,83
2025-08-27 11:41:29,Clear,25.76,83
2025-08-27 11:54:08,Clear,25.76,83
2025-08-27 12:44:56,Clear,25.76,89
2025-08-27 13:18:44,Clear,24.76,94
2025-08-27 13:42:09,Clear,24.76,94
2025-08-27 13:54:54,Clear,24.76,94
2025-08-27 14:22:40,Clear,24.76,100
2025-08-27 14:42:18,Clear,24.76,100
2025-08-27 14:54:43,Clear,24.76,100
2025-08-27 15:24:26,Clouds,25.07,82
2025-08-27 15:42:07,Clear,24.76,100
2025-08-27 15:54:57,Clear,24.76,100
2025-08-27 16:29:49,Clear,24.76,100
2025-08-27 16:49:49,Clear,24.76,100
2025-08-27 17:10:34,Clear,24.76,100
2025-08-27 17:31:21,Clear,24.76,100
2025-08-27 17:44:41,Clear,24.76,100
2025-08-27 17:57:16,Clear,24.76,100
2025-08-27 18:34:45,Clear,24.76,94
2025-08-27 18:51:54,Clear,24.76,94
2025-08-27 19:13:48,Clear,24.76,94
2025-08-27 19:27:51,Clear,24.76,94
2025-08-27 19:40:37,Clear,24.76,94
2025-08-27 19:53:25,Clear,24.76,94
2025-08-27 20:21:51,Clear,24.76,94
2025-08-27 20:39:55,Clear,24.76,94
2025-08-27 20:52:49,Clear,24.76,94
2025-08-27 21:16:54,Clear,24.76,94
2025-08-27 21:31:23,Clear,24.76,94
2025-08-27 21:43:58,Clear,24.76,94
2025-08-27 21:56:33,Clear,24.76,94
2025-08-27 22:24:08,Clear,24.76,100
2025-08-27 22:41:01,Clear,24.76,100
2025-08-27 22:53:37,Clear,24.76,100
2025-08-27 23:18:15,Clouds,25.47,90
2025-08-27 23:31:39,Clear,25.76,89
2025-08-27 23:44:17,Clear,25.76,89
2025-08-27 23:56:52,Clear,25.76,89
2025-08-28 01:59:35,Clear,29.76,66
2025-08-28 03:08:19,Clouds,30.02,60
2025-08-28 03:43:53,Clouds,30.76,62
2025-08-28 03:56:53,Clouds,30.76,62
2025-08-28 04:30:07,Clouds,30.76,62
2025-08-28 04:46:55,Clouds,30.76,62
2025-08-28 04:59:40,Clouds,30.76,62
2025-08-28 05:28:06,Clouds,29.76,70
2025-08-28 05:44:19,Clouds,29.76,70
2025-08-28 05:57:01,Clouds,29.76,70
2025-08-28 06:38:25,Clouds,30.76,70
2025-08-28 06:55:40,Clouds,30.76,70
2025-08-28 07:24:47,Clouds,29.78,70
2025-08-28 07:40:20,Clouds,29.76,74
2025-08-28 07:53:09,Clouds,29.76,74
2025-08-28 08:26:10,Clouds,30.76,70
2025-08-28 08:48:38,Clouds,30.76,70
2025-08-28 09:10:33,Clouds,29.93,72
2025-08-28 09:32:35,Clouds,29.76,79
2025-08-28 09:45:38,Clouds,29.76,79
2025-08-28 09:58:03,Clouds,29.76,79
2025-08-28 10:29:55,Clouds,28.76,84
2025-08-28 10:46:17,Clouds,28.76,84
2025-08-28 10:58:59,Clouds,28.76,84
2025-08-28 11:21:58,Clouds,27.08,85
2025-08-28 11:36:33,Clouds,28.76,84
2025-08-28 11:49:26,Clouds,28.76,84
2025-08-28 12:22:03,Clouds,27.76,94
2025-08-28 13:04:20,Clouds,27.76,94
2025-08-28 13:37:10,Clouds,27.76,100
2025-08-28 13:51:04,Clouds,27.76,100
2025-08-28 14:14:52,Clouds,25.59,92
2025-08-28 14:39:28,Clouds,27.76,100
2025-08-28 14:52:27,Clouds,27.76,100
2025-08-28 15:18:48,Clouds,27.76,100
2025-08-28 15:37:47,Clouds,27.76,100
2025-08-28 15:50:35,Clouds,27.76,100
2025-08-28 16:17:46,Clouds,25.81,95
2025-08-28 16:42:29,Clouds,27.76,100
2025-08-28 16:56:28,Clouds,27.76,100
2025-08-28 17:22:56,Clouds,27.76,100
2025-08-28 17:39:32,Clouds,27.76,100
2025-08-28 17:52:37,Clouds,27.76,100
2025-08-28 18:25:21,Clouds,26.76,100
2025-08-28 18:48:59,Clouds,26.76,100
2025-08-28 19:08:32,Clouds,26.76,100
2025-08-28 19:25:01,Clouds,25.99,92
2025-08-28 19:39:33,Clouds,26.76,100
2025-08-28 19:52:21,Clouds,26.76,100
2025-08-28 20:19:19,Clouds,26.11,94
2025-08-28 20:37:54,Clouds,26.76,100
2025-08-28 20:50:37,Clouds,26.76,100
2025-08-28 21:12:26,Rain,26.76,100
2025-08-28 21:29:41,Rain,26.76,100
2025-08-28 21:42:39,Rain,26.76,100
2025-08-28 21:55:21,Rain,26.76,100
2025-08-28 22:22:48,Clouds,27.76,100
2025-08-28 22:39:25,Clouds,27.76,100
2025-08-28 22:52:19,Clouds,27.76,100
2025-08-28 23:16:05,Clouds,27.76,100
2025-08-28 23:30:43,Clouds,28.76,100
2025-08-28 23:43:14,Clouds,28.76,100
2025-08-28 23:55:44,Clouds,28.76,100
2025-08-29 01:58:04,Clouds,30.76,79
2025-08-29 03:07:28,Clouds,30.76,79
2025-08-29 03:42:49,Clouds,30.76,74
2025-08-29 03:55:59,Clouds,30.76,74
2025-08-29 04:30:09,Clouds,31.76,74
2025-08-29 04:46:53,Clouds,31.76,74
2025-08-29 04:59:28,Clouds,31.76,74
2025-08-29 05:27:31,Clouds,30.76,79
2025-08-29 05:43:10,Clouds,30.76,79
2025-08-29 05:55:50,Clouds,30.76,79
2025-08-29 06:36:45,Clouds,31.76,74
2025-08-29 06:53:35,Clouds,31.76,74
2025-08-29 07:19:21,Clouds,31.02,71
2025-08-29 07:34:19,Clouds,25.76,100
2025-08-29 07:47:06,Clouds,25.76,100
2025-08-29 07:59:47,Clouds,25.76,100
2025-08-29 08:34:35,Clouds,28.76,100
2025-08-29 08:52:22,Rain,28.76,100
2025-08-29 09:18:32,Clouds,28.76,100
2025-08-29 09:37:05,Clouds,28.76,100
2025-08-29 09:49:51,Clouds,28.76,100
2025-08-29 10:12:42,Clouds,30.64,85
2025-08-29 10:37:07,Clouds,28.76,100
2025-08-29 10:49:57,Clouds,28.76,100
2025-08-29 11:10:04,Clouds,28.76,100
2025-08-29 11:27:11,Clouds,27.76,100
2025-08-29 11:40:57,Clouds,27.76,100
2025-08-29 11:53:36,Clouds,27.76,100
2025-08-29 12:40:38,Clouds,26.76,100
2025-08-29 13:16:13,Clouds,26.76,100
2025-08-29 13:40:12,Rain,26.76,100
2025-08-29 13:53:06,Rain,26.76,100
2025-08-29 14:17:49,Rain,26.76,100
2025-08-29 14:38:17,Clouds,26.76,100
2025-08-29 14:51:04,Clouds,26.76,100
2025-08-29 15:12:36,Clouds,26.76,100
2025-08-29 15:31:12,Mist,26.76,100
2025-08-29 15:43:59,Mist,26.76,100
2025-08-29 15:56:40,Mist,26.76,100
2025-08-29 16:31:46,Rain,27.76,100
2025-08-29 16:50:05,Mist,27.76,100
2025-08-29 17:11:03,Rain,27.76,100
2025-08-29 17:30:33,Rain,26.76,100
2025-08-29 17:43:20,Mist,26.76,100
2025-08-29 17:55:53,Mist,26.76,100
2025-08-29 18:33:05,Rain,26.76,100
2025-08-29 18:50:06,Thunderstorm,26.76,100
2025-08-29 19:09:33,Thunderstorm,26.76,100
2025-08-29 19:24:43,Thunderstorm,26.76,100
2025-08-29 19:38:50,Mist,26.76,100
2025-08-29 19:51:37,Mist,26.76,100
2025-08-29 20:16:52,Clouds,26.76,100
2025-08-29 20:34:34,Clouds,26.76,100
2025-08-29 20:47:27,Rain,26.76,100
2025-08-29 21:00:08,Rain,26.76,100
2025-08-29 21:23:31,Clouds,26.76,94
2025-08-29 21:37:13,Rain,26.76,94
2025-08-29 21:49:40,Rain,26.76,94
2025-08-29 22:11:10,Rain,26.76,94
2025-08-29 22:32:03,Mist,26.76,100
2025-08-29 22:44:39,Rain,26.76,100
2025-08-29 22:57:13,Thunderstorm,26.76,100
2025-08-29 23:23:19,Thunderstorm,24.78,100
2025-08-29 23:37:07,Thunderstorm,26.76,100
2025-08-29 23:49:35,Thunderstorm,26.76,100
2025-08-30 00:51:52,Mist,26.76,100
2025-08-30 02:18:24,Clouds,28.76,94
2025-08-30 03:08:25,Clouds,29.76,89
2025-08-30 03:40:16,Clouds,31.76,74
2025-08-30 03:53:00,Clouds,31.76,74
2025-08-30 04:20:52,Clouds,32.15,76
2025-08-30 04:39:15,Clouds,31.76,62
2025-08-30 04:51:58,Clouds,31.76,62
2025-08-30 05:14:31,Clouds,33.13,49
2025-08-30 05:32:41,Clouds,30.76,74
2025-08-30 05:45:19,Clouds,30.76,74
2025-08-30 05:57:54,Clouds,30.76,74
2025-08-30 06:34:14,Clouds,31.76,70
2025-08-30 06:49:29,Clouds,31.76,70
2025-08-30 07:09:42,Clouds,31.76,70
2025-08-30 07:26:14,Clouds,31.76,70
2025-08-30 07:39:25,Clouds,31.76,70
2025-08-30 07:52:13,Clouds,31.76,70
2025-08-30 08:19:57,Clear,30.61,60
2025-08-30 08:39:52,Clouds,31.76,66
2025-08-30 08:52:16,Clouds,31.76,66
2025-08-30 09:15:41,Clouds,30.76,66
2025-08-30 09:30:59,Clouds,30.76,66
2025-08-30 09:43:32,Clouds,30.76,66
2025-08-30 09:56:20,Clouds,30.76,66
2025-08-30 10:24:22,Clouds,27.76,94
2025-08-30 10:40:20,Clouds,27.76,94
2025-08-30 10:52:44,Clouds,27.76,94
2025-08-30 11:13:22,Clear,29.15,73
2025-08-30 11:26:20,Clear,27.76,94
2025-08-30 11:40:00,Clear,27.76,94
2025-08-30 11:52:36,Clear,27.76,94
2025-08-30 12:33:17,Clear,26.76,100
2025-08-30 13:02:12,Clear,26.76,100
2025-08-30 13:28:49,Clear,25.76,100
2025-08-30 13:41:44,Clear,25.76,100
2025-08-30 13:54:15,Clear,25.76,100
2025-08-30 14:17:33,Clear,25.76,100
2025-08-30 14:32:54,Clear,25.76,100
2025-08-30 14:45:43,Clear,25.76,100
2025-08-30 14:58:15,Clear,25.76,100
2025-08-30 15:23:48,Clear,25.76,100
2025-08-30 15:37:47,Clear,25.76,100
2025-08-30 15:50:41,Clear,25.76,100
2025-08-30 16:15:08,Clear,25.76,100
2025-08-30 16:38:17,Clear,24.76,100
2025-08-30 16:50:59,Clear,24.76,100
2025-08-30 17:10:45,Clear,24.76,100
2025-08-30 17:28:33,Clear,24.76,100
2025-08-30 17:41:19,Clear,24.76,100
2025-08-30 17:53:46,Clear,24.76,100
2025-08-30 18:26:28,Clear,23.76,100
2025-08-30 18:45:47,Clear,23.76,100
2025-08-30 18:58:33,Clear,23.76,100
2025-08-30 19:18:57,Clear,23.76,100
2025-08-30 19:32:06,Clear,23.76,100
2025-08-30 19:44:49,Clear,23.76,100
2025-08-30 19:57:24,Clear,23.76,100
2025-08-30 20:25:29,Clear,23.76,100
2025-08-30 20:40:49,Clear,23.76,100
2025-08-30 20:53:34,Clear,23.76,100
2025-08-30 21:16:26,Clear,23.76,100
2025-08-30 21:29:22,Clear,23.76,100
2025-08-30 21:42:08,Clear,23.76,100
2025-08-30 21:54:45,Clear,23.76,100
2025-08-30 22:19:36,Clear,25.76,100
2025-08-30 22:36:09,Clear,25.76,100
2025-08-30 22:48:52,Clear,25.76,100
2025-08-30 23:09:07,Clear,25.76,100
2025-08-30 23:27:31,Clouds,27.76,94
2025-08-30 23:40:26,Clouds,27.76,94
2025-08-30 23:53:05,Clouds,27.76,94
2025-08-31 01:39:01,Clouds,30.76,70
2025-08-31 02:59:17,Clouds,29.76,79
2025-08-31 03:40:27,Clouds,28.76,79
2025-08-31 03:55:39,Clouds,28.76,79
2025-08-31 04:28:31,Clouds,31.76,70
2025-08-31 04:44:59,Clouds,31.76,70
2025-08-31 04:57:49,Clouds,31.76,70
2025-08-31 05:25:18,Clouds,30.76,70
2025-08-31 05:41:31,Clouds,30.76,70
2025-08-31 05:54:03,Clouds,30.76,70
2025-08-31 06:29:20,Clouds,31.76,66
2025-08-31 06:48:19,Clouds,31.76,66
2025-08-31 07:07:55,Clouds,31.76,66
2025-08-31 07:26:36,Rain,31.76,66
2025-08-31 07:39:40,Thunderstorm,31.76,66
2025-08-31 07:52:23,Thunderstorm,31.76,66
2025-08-31 08:20:23,Clouds,29.76,79
2025-08-31 08:39:28,Clouds,29.76,79
2025-08-31 08:51:53,Clouds,29.76,79
2025-08-31 09:14:44,Clouds,29.76,79
2025-08-31 09:30:19,Clouds,29.76,70
2025-08-31 09:42:58,Clouds,29.76,70
2025-08-31 09:55:30,Clouds,29.76,70
2025-08-31 10:23:12,Clouds,27.7,72
2025-08-31 10:39:27,Clouds,28.76,84
2025-08-31 10:51:59,Clouds,28.76,84
2025-08-31 11:12:20,Clouds,27.41,76
2025-08-31 11:26:15,Clouds,27.76,94
2025-08-31 11:40:12,Clouds,27.76,94
2025-08-31 11:53:03,Clouds,27.76,94
2025-08-31 12:35:37,Clouds,27.76,89
2025-08-31 13:03:34,Clouds,27.76,89
2025-08-31 13:30:25,Clouds,27.76,89
2025-08-31 13:43:13,Clouds,27.76,89
2025-08-31 13:55:35,Clouds,27.76,89
2025-08-31 14:20:38,Clouds,26.76,100
2025-08-31 14:36:47,Clouds,26.76,100
2025-08-31 14:49:25,Clouds,26.76,100
2025-08-31 15:09:46,Clouds,26.76,100
2025-08-31 15:28:41,Clouds,26.76,94
2025-08-31 15:41:57,Clouds,26.76,94
2025-08-31 15:54:46,Clouds,26.76,94
2025-08-31 16:25:57,Clouds,25.76,100
2025-08-31 16:44:00,Clouds,25.76,100
2025-08-31 16:56:44,Clouds,25.76,100
2025-08-31 17:20:35,Clouds,25.76,100
2025-08-31 17:35:47,Clouds,25.76,100
2025-08-31 17:48:34,Clouds,25.76,100
2025-08-31 18:11:34,Clouds,25.76,100
2025-08-31 18:39:36,Clouds,26.76,100
2025-08-31 18:52:06,Rain,26.76,100
2025-08-31 19:12:34,Rain,24.76,100
2025-08-31 19:25:45,Rain,24.76,100
2025-08-31 19:39:35,Rain,24.76,100
2025-08-31 19:52:24,Rain,23.76,100
2025-08-31 20:17:57,Rain,24.76,100
2025-08-31 20:34:48,Rain,24.76,100
2025-08-31 20:47:31,Rain,24.76,100
2025-08-31 21:00:09,Rain,24.76,100
2025-08-31 21:23:11,Rain,24.76,100
2025-08-31 21:37:02,Rain,24.76,100
2025-08-31 21:49:36,Clouds,24.76,100
2025-08-31 22:10:24,Clouds,25.17,94
2025-08-31 22:31:55,Rain,24.76,100
2025-08-31 22:44:50,Rain,24.76,100
2025-08-31 22:57:32,Mist,24.76,100
2025-08-31 23:23:08,Rain,24.45,97
2025-08-31 23:37:10,Rain,24.76,100
2025-08-31 23:49:53,Rain,24.76,100
2025-09-01 01:08:01,Clouds,25.76,100
2025-09-01 02:59:20,Clouds,27.76,94
2025-09-01 03:55:45,Clouds,29.76,84
2025-09-01 04:34:31,Clouds,28.76,89
2025-09-01 04:52:16,Clouds,28.76,89
2025-09-01 05:18:10,Clouds,28.76,89
2025-09-01 05:38:57,Rain,28.76,89
2025-09-01 05:51:21,Clouds,28.76,89
2025-09-01 06:25:51,Rain,27.64,85
2025-09-01 06:53:50,Rain,28.76,89
2025-09-01 07:21:51,Clouds,26.76,100
2025-09-01 07:37:57,Clouds,26.76,100
2025-09-01 07:50:47,Clouds,26.76,100
2025-09-01 08:21:13,Clouds,27.27,89
2025-09-01 08:46:48,Clouds,28.76,94
2025-09-01 08:59:34,Clouds,28.76,94
2025-09-01 09:32:14,Clouds,25.76,100
2025-09-01 09:47:49,Clouds,25.76,100
2025-09-01 10:00:17,Clouds,25.76,100
2025-09-01 10:32:49,Clouds,25.76,100
2025-09-01 10:49:02,Rain,25.76,100
2025-09-01 11:09:06,Rain,25.76,100
2025-09-01 11:27:10,Rain,24.76,100
2025-09-01 11:41:38,Clouds,24.76,100
2025-09-01 11:54:20,Clouds,24.76,100
2025-09-01 12:48:34,Clouds,24.76,100
2025-09-01 13:21:45,Clear,25.55,95
2025-09-01 13:44:16,Clear,23.76,100
2025-09-01 13:56:49,Clear,23.76,100
2025-09-01 14:25:40,Clouds,23.76,100
2025-09-01 14:44:37,Clouds,23.76,100
2025-09-01 14:56:57,Clouds,23.76,100
2025-09-01 15:25:54,Clouds,22.76,100
2025-09-01 15:42:19,Clouds,22.76,100
2025-09-01 15:55:07,Clouds,22.76,100
2025-09-01 16:28:43,Clear,22.76,100
2025-09-01 16:47:03,Clear,22.76,100
2025-09-01 16:59:34,Clear,22.76,100
2025-09-01 17:23:42,Clear,21.76,100
2025-09-01 17:38:49,Clear,21.76,100
2025-09-01 17:51:35,Clear,21.76,100
2025-09-01 18:21:16,Clear,21.76,100
2025-09-01 18:44:51,Clear,21.76,100
2025-09-01 18:57:31,Clear,21.76,100
2025-09-01 19:19:49,Clear,21.76,100
2025-09-01 19:34:11,Clear,21.76,100
2025-09-01 19:46:54,Clear,21.76,100
2025-09-01 19:59:34,Clear,21.76,100
2025-09-01 20:27:12,Clouds,24.22,94
2025-09-01 20:42:13,Clear,20.76,100
2025-09-01 20:54:44,Clear,20.76,100
2025-09-01 21:19:29,Clouds,22.28,94
2025-09-01 21:33:34,Clouds,20.76,100
2025-09-01 21:46:00,Clouds,20.76,100
2025-09-01 21:58:30,Clouds,20.76,100
2025-09-01 22:25:28,Clouds,22.72,97
2025-09-01 22:41:47,Clouds,20.76,100
2025-09-01 22:54:35,Clouds,20.76,100
2025-09-01 23:20:28,Clouds,24.03,91
2025-09-01 23:35:28,Clouds,23.76,94
2025-09-01 23:48:16,Clouds,23.76,94
2025-09-02 00:42:39,Clouds,24.76,88
2025-09-02 02:19:38,Clouds,27.63,74
2025-09-02 03:26:14,Clouds,28.76,65
2025-09-02 03:53:01,Clouds,28.76,65
2025-09-02 04:23:05,Clouds,27.95,60
2025-09-02 04:44:26,Clouds,29.76,62
2025-09-02 04:57:12,Clouds,29.76,62
2025-09-02 05:26:52,Clouds,29.76,62
2025-09-02 05:43:49,Clouds,29.76,62
2025-09-02 05:56:27,Clouds,29.76,62
2025-09-02 06:38:51,Clouds,29.76,58
2025-09-02 06:56:46,Clouds,29.76,58
2025-09-02 07:25:37,Clear,29.76,62
2025-09-02 07:41:48,Clear,29.76,62
2025-09-02 07:54:18,Clear,29.76,62
2025-09-02 08:30:00,Clear,28.76,65
2025-09-02 08:51:48,Clear,28.76,65
2025-09-02 09:18:02,Clouds,29.64,63
2025-09-02 09:37:20,Clouds,29.64,63
2025-09-02 09:50:19,Clear,28.76,65
2025-09-02 10:14:17,Clouds,27.77,65
2025-09-02 10:39:49,Clear,25.76,83
2025-09-02 10:52:34,Clear,25.76,83
2025-09-02 11:15:24,Clear,25.76,83
2025-09-02 11:29:44,Clear,24.76,94
2025-09-02 11:42:54,Clear,24.76,94
2025-09-02 11:55:28,Clear,24.76,94
2025-09-02 12:52:46,Clear,24.76,100
2025-09-02 13:29:10,Clear,23.76,100
2025-09-02 13:48:13,Clear,23.76,100
2025-09-02 14:09:11,Clouds,24.89,90
2025-09-02 14:34:55,Clear,22.76,100
2025-09-02 14:50:53,Clear,22.76,100
2025-09-02 15:15:09,Clear,22.76,100
2025-09-02 15:37:12,Clear,22.76,100
2025-09-02 15:50:21,Clear,22.76,100
2025-09-02 16:16:41,Clouds,24.12,91
2025-09-02 16:42:56,Clear,22.76,100
2025-09-02 16:55:24,Clear,22.76,100
2025-09-02 17:20:08,Clouds,24.15,92
2025-09-02 17:37:18,Clear,22.76,100
2025-09-02 17:49:41,Clear,22.76,100
2025-09-02 18:14:24,Clouds,23.91,90
2025-09-02 18:41:44,Clear,21.76,100
2025-09-02 18:54:26,Clear,21.76,100
2025-09-02 19:16:21,Clouds,23.31,93
2025-09-02 19:29:05,Clear,21.76,100
2025-09-02 19:41:40,Clear,21.76,100
2025-09-02 19:54:25,Clear,21.76,100
2025-09-02 20:21:48,Clouds,22.9,81
2025-09-02 20:36:32,Clear,21.76,100
2025-09-02 20:49:21,Clear,21.76,100
2025-09-02 21:08:50,Clear,21.76,100
2025-09-02 21:26:25,Clear,21.76,100
2025-09-02 21:39:28,Mist,21.76,100
2025-09-02 21:52:09,Mist,21.76,100
2025-09-02 22:14:12,Mist,21.76,100
2025-09-02 22:31:54,Mist,22.76,100
2025-09-02 22:44:39,Mist,22.76,100
2025-09-02 22:57:20,Mist,22.76,100
2025-09-02 23:21:40,Clouds,23.86,90
2025-09-02 23:35:46,Clear,25.76,89
2025-09-02 23:48:33,Clear,25.76,89
2025-09-03 00:42:06,Clear,27.76,74
2025-09-03 02:10:48,Clouds,29.11,67
2025-09-03 03:03:55,Clear,29.76,54
2025-09-03 03:35:44,Clear,30.76,51
2025-09-03 03:49:58,Clear,30.76,51
2025-09-03 04:15:00,Clouds,31.04,47
2025-09-03 04:37:38,Clear,30.76,48
2025-09-03 04:50:30,Clear,30.76,48
2025-09-03 05:12:54,Clear,30.76,48
2025-09-03 05:32:24,Clear,30.76,48
2025-09-03 05:45:10,Clear,30.76,48
2025-09-03 05:57:42,Clear,30.76,48
2025-09-03 06:36:00,Clear,32.76,43
2025-09-03 06:52:00,Clear,32.76,43
2025-09-03 07:15:56,Clear,32.76,40
2025-09-03 07:30:59,Clear,32.76,40
2025-09-03 07:43:28,Clear,32.76,40
2025-09-03 07:56:22,Clear,32.76,40
2025-09-03 08:32:36,Clear,31.76,45
2025-09-03 08:50:39,Clear,31.76,45
2025-09-03 09:14:07,Clear,31.76,45
2025-09-03 09:32:51,Clear,29.76,54
2025-09-03 09:45:53,Clear,29.76,54
2025-09-03 09:58:36,Clear,29.76,54
2025-09-03 10:28:11,Clear,27.76,78
2025-09-03 10:43:41,Clear,27.76,78
2025-09-03 10:56:26,Clear,27.76,78
2025-09-03 11:20:22,Clouds,26.98,76
2025-09-03 11:34:52,Clear,26.76,83
2025-09-03 11:47:53,Clear,26.76,83
2025-09-03 12:00:50,Clear,26.76,83
2025-09-03 12:53:44,Clear,26.76,78
2025-09-03 13:28:48,Clear,26.76,89
2025-09-03 13:45:30,Clear,26.76,89
2025-09-03 13:57:58,Clear,26.76,89
2025-09-03 14:26:59,Clear,26.76,94
2025-09-03 14:44:56,Clear,26.76,94
2025-09-03 14:57:29,Clear,26.76,94
2025-09-03 15:27:31,Clear,25.76,100
2025-09-03 15:43:23,Clear,25.76,100
2025-09-03 15:55:48,Clear,25.76,100
2025-09-03 16:31:13,Clouds,24.76,100
2025-09-03 16:49:05,Clouds,23.76,100
2025-09-03 17:09:17,Clouds,22.76,100
2025-09-03 17:29:37,Rain,22.76,100
2025-09-03 17:42:31,Rain,22.76,100
2025-09-03 17:55:04,Rain,22.76,100
2025-09-03 18:32:23,Rain,22.76,100
2025-09-03 18:47:46,Rain,22.76,100
2025-09-03 19:00:15,Rain,22.76,100
2025-09-03 19:21:37,Rain,22.43,95
2025-09-03 19:35:53,Rain,22.76,100
2025-09-03 19:48:44,Rain,22.76,100
2025-09-03 20:10:28,Rain,22,96
2025-09-03 20:32:05,Rain,22.76,100
2025-09-03 20:45:03,Rain,22.76,100
2025-09-03 20:57:26,Rain,22.76,100
2025-09-03 21:22:46,Rain,22.76,100
2025-09-03 21:36:12,Rain,21.76,100
2025-09-03 21:49:06,Rain,21.76,100
2025-09-03 22:08:57,Rain,21.76,100
2025-09-03 22:30:39,Rain,21.76,100
2025-09-03 22:43:11,Rain,21.76,100
2025-09-03 22:55:39,Rain,21.76,100
2025-09-03 23:21:34,Rain,22.4,98
2025-09-03 23:35:21,Rain,23.76,100
2025-09-03 23:48:08,Rain,23.76,100
2025-09-04 00:38:53,Rain,23.76,100
2025-09-04 02:10:07,Rain,23.76,100
2025-09-04 03:04:25,Clouds,24.76,100
2025-09-04 03:37:25,Clouds,26.76,83
2025-09-04 03:50:56,Clouds,26.76,83
2025-09-04 04:16:42,Clouds,27.78,74
2025-09-04 04:38:06,Clouds,27.76,83
2025-09-04 04:50:45,Clouds,27.76,83
2025-09-04 05:13:13,Clouds,27.76,83
2025-09-04 05:32:53,Clouds,28.76,74
2025-09-04 05:45:23,Clouds,28.76,74
2025-09-04 05:58:01,Clouds,28.76,74
2025-09-04 06:36:59,Clouds,28.76,70
2025-09-04 06:53:10,Clouds,28.76,70
2025-09-04 07:18:02,Clear,28.48,69
2025-09-04 07:31:43,Clouds,30.76,66
2025-09-04 07:44:27,Clouds,30.76,66
2025-09-04 07:57:01,Clouds,30.76,66
2025-09-04 08:32:51,Clouds,28.76,74
2025-09-04 08:50:59,Clouds,28.76,74
2025-09-04 09:14:58,Clouds,28.76,74
2025-09-04 09:33:29,Clear,28.76,74
2025-09-04 09:46:31,Clear,28.76,74
2025-09-04 09:59:12,Clear,28.76,74
2025-09-04 10:28:56,Clear,27.76,78
2025-09-04 10:44:10,Clear,27.76,78
2025-09-04 10:57:07,Clear,27.76,78
2025-09-04 11:20:56,Clouds,26.09,81
2025-09-04 11:35:18,Clear,25.76,94
2025-09-04 11:48:13,Clear,25.76,94
2025-09-04 12:16:33,Clouds,25.81,84
2025-09-04 12:56:54,Clear,25.76,94
2025-09-04 13:32:14,Clear,24.76,100
2025-09-04 13:46:54,Clear,24.76,100
2025-09-04 13:59:37,Clear,24.76,100
2025-09-04 14:27:49,Clear,25.76,83
2025-09-04 14:45:06,Clear,25.76,83
2025-09-04 14:57:34,Clear,25.76,83
2025-09-04 15:26:57,Clear,25.76,83
2025-09-04 15:44:02,Clear,25.76,83
2025-09-04 15:57:13,Clear,25.76,83
2025-09-04 16:31:52,Clear,23.76,100
2025-09-04 16:50:03,Clear,23.76,100
2025-09-04 17:10:25,Clear,24.42,91
2025-09-04 17:29:57,Clear,23.76,100
2025-09-04 17:43:01,Clear,23.76,100
2025-09-04 17:56:04,Clear,23.76,100
2025-09-04 18:35:04,Clear,24.76,78
2025-09-04 18:51:54,Clear,24.76,78
2025-09-04 19:12:24,Clear,23.17,87
2025-09-04 19:25:53,Clear,23.17,87
2025-09-04 19:39:54,Clear,23.76,94
2025-09-04 19:52:34,Clear,23.76,94
2025-09-04 20:19:09,Clear,22.92,91
2025-09-04 20:36:44,Clear,22.76,100
2025-09-04 20:49:39,Clear,22.76,100
2025-09-04 21:10:29,Clear,22.76,100
2025-09-04 21:28:32,Clear,22.76,100
2025-09-04 21:40:56,Clear,22.76,100
2025-09-04 21:53:50,Clear,22.76,100
2025-09-04 22:18:48,Clear,22.77,93
2025-09-04 22:35:36,Clear,24.76,78
2025-09-04 22:48:20,Clear,24.76,78
2025-09-04 23:08:07,Clear,24.76,78
2025-09-04 23:27:00,Clear,25.76,73
2025-09-04 23:40:34,Clear,25.76,73
2025-09-04 23:52:57,Clear,25.76,73
2025-09-05 01:23:45,Clear,28.76,61
2025-09-05 02:45:22,Clear,29.76,58
2025-09-05 03:22:26,Clouds,30.76,58
2025-09-05 03:46:03,Clouds,30.76,58
2025-09-05 03:58:45,Clouds,30.76,58
2025-09-05 04:30:30,Clouds,32.76,52
2025-09-05 04:46:04,Clouds,32.76,52
2025-09-05 04:58:39,Clouds,32.76,52
2025-09-05 05:26:40,Clouds,31.76,55
2025-09-05 05:42:01,Clouds,31.76,55
2025-09-05 05:54:51,Clouds,31.76,55
2025-09-05 06:33:52,Clouds,32.76,55
2025-09-05 06:51:59,Clouds,32.76,55
2025-09-05 07:15:57,Clouds,32.76,55
2025-09-05 07:31:12,Clouds,30.76,66
2025-09-05 07:43:46,Clouds,30.76,66
2025-09-05 07:56:38,Clouds,30.76,66
2025-09-05 08:32:42,Clouds,29.76,70
2025-09-05 08:50:51,Clouds,29.76,70
2025-09-05 09:14:58,Clouds,29.76,70
2025-09-05 09:33:51,Clouds,28.76,79
2025-09-05 09:46:41,Clouds,28.76,79
2025-09-05 09:59:27,Clouds,28.76,79
2025-09-05 10:29:39,Clear,27.76,83
2025-09-05 10:44:53,Clear,27.76,83
2025-09-05 10:57:21,Clear,27.76,83
2025-09-05 11:20:57,Clear,27.76,89
2025-09-05 11:35:45,Clear,27.76,89
2025-09-05 11:48:31,Clear,27.76,89
2025-09-05 12:16:38,Clouds,27.97,79
2025-09-05 12:58:26,Clear,27.76,83
2025-09-05 13:32:38,Clear,27.76,83
2025-09-05 13:46:39,Clear,27.76,83
2025-09-05 13:59:00,Clear,27.76,83
2025-09-05 14:26:24,Clouds,26.68,87
2025-09-05 14:43:38,Clear,25.76,100
2025-09-05 14:56:39,Clear,25.76,100
2025-09-05 15:25:41,Clear,25.76,100
2025-09-05 15:39:30,Clear,25.76,100
2025-09-05 15:52:07,Clear,25.76,100
2025-09-05 16:19:42,Clouds,25.73,95
2025-09-05 16:40:27,Clouds,25.76,100
2025-09-05 16:53:25,Clouds,25.76,100
2025-09-05 17:17:16,Clouds,25.76,100
2025-09-05 17:33:46,Clouds,25.76,100
2025-09-05 17:46:45,Clouds,25.76,100
2025-09-05 17:59:38,Clouds,25.76,100
2025-09-05 18:34:27,Clouds,25.76,100
2025-09-05 18:49:21,Clouds,25.76,100
2025-09-05 19:08:18,Clouds,25.76,100
2025-09-05 19:24:49,Clouds,25.76,100
2025-09-05 19:38:45,Clouds,25.76,100
2025-09-05 19:51:38,Clouds,25.76,100
2025-09-05 20:16:53,Clouds,24.61,96
2025-09-05 20:35:48,Clouds,25.76,100
2025-09-05 20:48:41,Clouds,25.76,100
2025-09-05 21:07:53,Clouds,25.76,100
2025-09-05 21:27:00,Clouds,24.76,100
2025-09-05 21:41:01,Clouds,24.76,100
2025-09-05 21:53:45,Clouds,24.76,100
2025-09-05 22:18:22,Clouds,24.31,96
2025-09-05 22:35:38,Clouds,25.76,100
2025-09-05 22:48:31,Clouds,25.76,100
2025-09-05 23:08:16,Clouds,25.76,100
2025-09-05 23:26:48,Clouds,26.76,100
2025-09-05 23:40:37,Clouds,26.76,100
2025-09-05 23:53:37,Clouds,26.76,100
2025-09-06 01:26:44,Clouds,26.76,100
2025-09-06 02:42:26,Rain,26.76,100
2025-09-06 03:17:37,Clouds,25.78,94
2025-09-06 03:40:23,Clouds,29.76,89
2025-09-06 03:52:57,Clouds,29.76,89
2025-09-06 04:20:43,Clouds,30.59,80
2025-09-06 04:39:15,Clouds,29.76,84
2025-09-06 04:51:59,Clouds,29.76,84
2025-09-06 05:14:14,Clouds,29.76,84
2025-09-06 05:32:03,Clouds,28.76,94
2025-09-06 05:44:32,Clouds,28.76,94
2025-09-06 05:57:25,Rain,28.76,94
2025-09-06 06:33:26,Clouds,30.76,84
2025-09-06 06:48:20,Clouds,30.76,84
2025-09-06 07:07:35,Clouds,30.76,84
2025-09-06 07:24:54,Rain,28.76,94
2025-09-06 07:38:59,Clouds,28.76,94
2025-09-06 07:51:49,Clouds,23.76,100
2025-09-06 08:17:58,Clouds,23.76,100
2025-09-06 08:37:10,Rain,23.76,100
2025-09-06 08:50:02,Rain,23.76,100
2025-09-06 09:10:55,Rain,23.76,100
2025-09-06 09:28:00,Clouds,25.76,100
2025-09-06 09:40:39,Clouds,25.76,100
2025-09-06 09:53:09,Clouds,25.76,100
2025-09-06 10:16:58,Clouds,25.78,94
2025-09-06 10:33:56,Clouds,25.76,100
2025-09-06 10:46:47,Clouds,25.76,100
2025-09-06 10:59:19,Clouds,25.76,100
2025-09-06 11:19:18,Clouds,25.78,94
2025-09-06 11:32:56,Rain,25.76,100
2025-09-06 11:45:37,Rain,25.76,100
2025-09-06 11:58:10,Clouds,25.76,100
2025-09-06 12:46:40,Rain,25.76,100
2025-09-06 13:11:32,Rain,25.76,100
2025-09-06 13:30:03,Clouds,25.76,100
2025-09-06 13:42:36,Clouds,25.76,100
2025-09-06 13:55:07,Clouds,25.76,100
2025-09-06 14:18:55,Clouds,25.35,97
2025-09-06 14:33:01,Mist,25.76,100
2025-09-06 14:45:35,Mist,25.76,100
2025-09-06 14:58:21,Mist,25.76,100
2025-09-06 15:22:52,Clouds,25.76,100
2025-09-06 15:36:39,Mist,25.76,100
2025-09-06 15:49:32,Mist,25.76,100
2025-09-06 16:11:17,Mist,25.76,100
2025-09-06 16:33:36,Mist,25.76,100
2025-09-06 16:46:28,Rain,25.76,100
2025-09-06 16:59:00,Mist,25.76,100
2025-09-06 17:20:58,Clouds,25.76,100
2025-09-06 17:35:06,Clouds,25.76,100
2025-09-06 17:47:50,Clouds,25.76,100
2025-09-06 18:00:51,Clouds,25.76,100
2025-09-06 18:32:54,Mist,24.76,100
2025-09-06 18:46:36,Mist,24.76,100
2025-09-06 18:59:02,Mist,24.76,100
2025-09-06 19:18:26,Clouds,24.65,96
2025-09-06 19:31:24,Mist,24.76,100
2025-09-06 19:44:11,Mist,24.76,100
2025-09-06 19:56:52,Mist,24.76,100
2025-09-06 20:24:28,Clouds,23.76,100
2025-09-06 20:38:00,Mist,23.76,100
2025-09-06 20:50:54,Mist,23.76,100
2025-09-06 21:11:35,Clouds,24.13,97
2025-09-06 21:26:54,Clouds,23.76,100
2025-09-06 21:39:22,Clouds,23.76,100
2025-09-06 21:52:04,Clouds,23.76,100
2025-09-06 22:14:04,Clouds,23.76,100
2025-09-06 22:31:06,Clouds,23.76,100
2025-09-06 22:43:56,Clouds,23.76,100
2025-09-06 22:56:28,Clouds,23.76,100
2025-09-06 23:21:04,Clouds,24.76,100
2025-09-06 23:35:15,Clouds,24.76,100
2025-09-06 23:48:06,Clouds,24.76,100
2025-09-07 00:43:22,Clouds,25.76,94
2025-09-07 02:19:10,Clouds,27.76,74
2025-09-07 03:12:52,Clouds,27.46,69
2025-09-07 03:43:54,Clouds,28.76,70
2025-09-07 03:56:34,Clouds,28.76,70
2025-09-07 04:28:23,Clouds,27.76,69
2025-09-07 04:43:44,Clouds,27.76,69
2025-09-07 04:56:26,Clouds,27.76,69
2025-09-07 05:23:00,Clouds,27.02,60
2025-09-07 05:38:34,Clouds,27.76,69
2025-09-07 05:51:08,Clouds,27.76,69
2025-09-07 06:19:09,Clouds,27.57,57
2025-09-07 06:41:50,Clouds,27.76,65
2025-09-07 06:54:17,Clouds,27.76,65
2025-09-07 07:18:16,Clouds,27.3,61
2025-09-07 07:31:15,Clouds,27.76,61
2025-09-07 07:43:45,Clouds,27.76,61
2025-09-07 07:56:28,Clouds,27.76,61
2025-09-07 08:28:09,Clouds,25.42,64
2025-09-07 08:43:36,Clouds,26.76,69
2025-09-07 08:56:23,Clouds,26.76,69
2025-09-07 09:22:11,Clouds,25.45,67
2025-09-07 09:35:58,Clouds,26.76,69
2025-09-07 09:48:52,Clouds,26.76,69
2025-09-07 10:08:48,Clouds,26.76,69
2025-09-07 10:31:01,Clear,24.76,83
2025-09-07 10:43:43,Clear,24.76,83
2025-09-07 10:56:35,Clear,24.76,83
